rank,accession,ligand,status,best_affinity_kcal_mol,mode_count,center_x,center_y,center_z,size_x,size_y,size_z,receptor_pdbqt,config_file,output_pdbqt,log_file,diagnostic
103,P25649,4_aminophenol,reused,-3.6,9,8.943,-1.3490000000000002,-5.82,48.0,44.802,48.0,structure_docking/05_vina\rank_0103_P25649\rank_0103_P25649_receptor.pdbqt,structure_docking/05_vina\rank_0103_P25649\4_aminophenol.config.txt,structure_docking/05_vina\rank_0103_P25649\4_aminophenol.out.pdbqt,structure_docking/05_vina\rank_0103_P25649\4_aminophenol.vina.log.txt,
103,P25649,acetyl_CoA,reused,-4.6,9,8.943,-1.3490000000000002,-5.82,36.0,36.0,36.0,structure_docking/05_vina\rank_0103_P25649\rank_0103_P25649_receptor.pdbqt,structure_docking/05_vina\rank_0103_P25649\acetyl_CoA.config.txt,structure_docking/05_vina\rank_0103_P25649\acetyl_CoA.out.pdbqt,structure_docking/05_vina\rank_0103_P25649\acetyl_CoA.vina.log.txt,
105,Q54IU8,4_aminophenol,reused,-5.1,9,1.218,-0.5455000000000005,7.902499999999998,48.0,48.0,48.0,structure_docking/05_vina\rank_0105_Q54IU8\rank_0105_Q54IU8_receptor.pdbqt,structure_docking/05_vina\rank_0105_Q54IU8\4_aminophenol.config.txt,structure_docking/05_vina\rank_0105_Q54IU8\4_aminophenol.out.pdbqt,structure_docking/05_vina\rank_0105_Q54IU8\4_aminophenol.vina.log.txt,
105,Q54IU8,acetyl_CoA,reused,-6.0,9,1.218,-0.5455000000000005,7.902499999999998,36.0,36.0,36.0,structure_docking/05_vina\rank_0105_Q54IU8\rank_0105_Q54IU8_receptor.pdbqt,structure_docking/05_vina\rank_0105_Q54IU8\acetyl_CoA.config.txt,structure_docking/05_vina\rank_0105_Q54IU8\acetyl_CoA.out.pdbqt,structure_docking/05_vina\rank_0105_Q54IU8\acetyl_CoA.vina.log.txt,
106,Q7CWE8,4_aminophenol,reused,-4.8,9,-0.24050000000000082,1.1594999999999995,3.9125000000000014,48.0,48.0,48.0,structure_docking/05_vina\rank_0106_Q7CWE8\rank_0106_Q7CWE8_receptor.pdbqt,structure_docking/05_vina\rank_0106_Q7CWE8\4_aminophenol.config.txt,structure_docking/05_vina\rank_0106_Q7CWE8\4_aminophenol.out.pdbqt,structure_docking/05_vina\rank_0106_Q7CWE8\4_aminophenol.vina.log.txt,
106,Q7CWE8,acetyl_CoA,reused,-6.5,9,-0.24050000000000082,1.1594999999999995,3.9125000000000014,36.0,36.0,36.0,structure_docking/05_vina\rank_0106_Q7CWE8\rank_0106_Q7CWE8_receptor.pdbqt,structure_docking/05_vina\rank_0106_Q7CWE8\acetyl_CoA.config.txt,structure_docking/05_vina\rank_0106_Q7CWE8\acetyl_CoA.out.pdbqt,structure_docking/05_vina\rank_0106_Q7CWE8\acetyl_CoA.vina.log.txt,
107,P39580,4_aminophenol,reused,-5.1,9,-6.099500000000001,-1.2604999999999968,-3.7590000000000003,48.0,48.0,48.0,structure_docking/05_vina\rank_0107_P39580\rank_0107_P39580_receptor.pdbqt,structure_docking/05_vina\rank_0107_P39580\4_aminophenol.config.txt,structure_docking/05_vina\rank_0107_P39580\4_aminophenol.out.pdbqt,structure_docking/05_vina\rank_0107_P39580\4_aminophenol.vina.log.txt,
107,P39580,acetyl_CoA,reused,-6.8,9,-6.099500000000001,-1.2604999999999968,-3.7590000000000003,36.0,36.0,36.0,structure_docking/05_vina\rank_0107_P39580\rank_0107_P39580_receptor.pdbqt,structure_docking/05_vina\rank_0107_P39580\acetyl_CoA.config.txt,structure_docking/05_vina\rank_0107_P39580\acetyl_CoA.out.pdbqt,structure_docking/05_vina\rank_0107_P39580\acetyl_CoA.vina.log.txt,
108,Q1RKI1,4_aminophenol,reused,-4.4,9,-0.06099999999999994,4.490500000000001,-0.4714999999999989,48.0,48.0,48.0,structure_docking/05_vina\rank_0108_Q1RKI1\rank_0108_Q1RKI1_receptor.pdbqt,structure_docking/05_vina\rank_0108_Q1RKI1\4_aminophenol.config.txt,structure_docking/05_vina\rank_0108_Q1RKI1\4_aminophenol.out.pdbqt,structure_docking/05_vina\rank_0108_Q1RKI1\4_aminophenol.vina.log.txt,
108,Q1RKI1,acetyl_CoA,reused,-5.3,9,-0.06099999999999994,4.490500000000001,-0.4714999999999989,36.0,36.0,36.0,structure_docking/05_vina\rank_0108_Q1RKI1\rank_0108_Q1RKI1_receptor.pdbqt,structure_docking/05_vina\rank_0108_Q1RKI1\acetyl_CoA.config.txt,structure_docking/05_vina\rank_0108_Q1RKI1\acetyl_CoA.out.pdbqt,structure_docking/05_vina\rank_0108_Q1RKI1\acetyl_CoA.vina.log.txt,
110,O19898,4_aminophenol,reused,-4.6,9,-7.4319999999999995,1.9799999999999986,-0.1880000000000006,48.0,48.0,48.0,structure_docking/05_vina\rank_0110_O19898\rank_0110_O19898_receptor.pdbqt,structure_docking/05_vina\rank_0110_O19898\4_aminophenol.config.txt,structure_docking/05_vina\rank_0110_O19898\4_aminophenol.out.pdbqt,structure_docking/05_vina\rank_0110_O19898\4_aminophenol.vina.log.txt,
110,O19898,acetyl_CoA,reused,-7.9,9,-7.4319999999999995,1.9799999999999986,-0.1880000000000006,36.0,36.0,36.0,structure_docking/05_vina\rank_0110_O19898\rank_0110_O19898_receptor.pdbqt,structure_docking/05_vina\rank_0110_O19898\acetyl_CoA.config.txt,structure_docking/05_vina\rank_0110_O19898\acetyl_CoA.out.pdbqt,structure_docking/05_vina\rank_0110_O19898\acetyl_CoA.vina.log.txt,
111,Q7YRG5,4_aminophenol,reused,-5.2,9,4.246499999999999,3.8970000000000002,-0.3650000000000002,48.0,48.0,48.0,structure_docking/05_vina\rank_0111_Q7YRG5\rank_0111_Q7YRG5_receptor.pdbqt,structure_docking/05_vina\rank_0111_Q7YRG5\4_aminophenol.config.txt,structure_docking/05_vina\rank_0111_Q7YRG5\4_aminophenol.out.pdbqt,structure_docking/05_vina\rank_0111_Q7YRG5\4_aminophenol.vina.log.txt,
111,Q7YRG5,acetyl_CoA,reused,-6.9,9,4.246499999999999,3.8970000000000002,-0.3650000000000002,36.0,36.0,36.0,structure_docking/05_vina\rank_0111_Q7YRG5\rank_0111_Q7YRG5_receptor.pdbqt,structure_docking/05_vina\rank_0111_Q7YRG5\acetyl_CoA.config.txt,structure_docking/05_vina\rank_0111_Q7YRG5\acetyl_CoA.out.pdbqt,structure_docking/05_vina\rank_0111_Q7YRG5\acetyl_CoA.vina.log.txt,
112,A8GKF8,4_aminophenol,reused,-5.0,9,-1.8309999999999995,1.9819999999999993,4.524000000000001,48.0,48.0,48.0,structure_docking/05_vina\rank_0112_A8GKF8\rank_0112_A8GKF8_receptor.pdbqt,structure_docking/05_vina\rank_0112_A8GKF8\4_aminophenol.config.txt,structure_docking/05_vina\rank_0112_A8GKF8\4_aminophenol.out.pdbqt,structure_docking/05_vina\rank_0112_A8GKF8\4_aminophenol.vina.log.txt,
112,A8GKF8,acetyl_CoA,reused,-5.3,9,-1.8309999999999995,1.9819999999999993,4.524000000000001,36.0,36.0,36.0,structure_docking/05_vina\rank_0112_A8GKF8\rank_0112_A8GKF8_receptor.pdbqt,structure_docking/05_vina\rank_0112_A8GKF8\acetyl_CoA.config.txt,structure_docking/05_vina\rank_0112_A8GKF8\acetyl_CoA.out.pdbqt,structure_docking/05_vina\rank_0112_A8GKF8\acetyl_CoA.vina.log.txt,
125,A6L1Z3,4_aminophenol,finished,-4.5,9,-2.577,-1.0975000000000001,-0.24600000000000044,48.0,48.0,48.0,structure_docking/05_vina\rank_0125_A6L1Z3\rank_0125_A6L1Z3_receptor.pdbqt,structure_docking/05_vina\rank_0125_A6L1Z3\4_aminophenol.config.txt,structure_docking/05_vina\rank_0125_A6L1Z3\4_aminophenol.out.pdbqt,structure_docking/05_vina\rank_0125_A6L1Z3\4_aminophenol.vina.log.txt,
125,A6L1Z3,acetyl_CoA,finished,-5.3,9,-2.577,-1.0975000000000001,-0.24600000000000044,36.0,36.0,36.0,structure_docking/05_vina\rank_0125_A6L1Z3\rank_0125_A6L1Z3_receptor.pdbqt,structure_docking/05_vina\rank_0125_A6L1Z3\acetyl_CoA.config.txt,structure_docking/05_vina\rank_0125_A6L1Z3\acetyl_CoA.out.pdbqt,structure_docking/05_vina\rank_0125_A6L1Z3\acetyl_CoA.vina.log.txt,
126,O86309,4_aminophenol,finished,-5.1,9,4.218500000000001,4.459000000000001,2.1144999999999996,48.0,48.0,48.0,structure_docking/05_vina\rank_0126_O86309\rank_0126_O86309_receptor.pdbqt,structure_docking/05_vina\rank_0126_O86309\4_aminophenol.config.txt,structure_docking/05_vina\rank_0126_O86309\4_aminophenol.out.pdbqt,structure_docking/05_vina\rank_0126_O86309\4_aminophenol.vina.log.txt,
126,O86309,acetyl_CoA,finished,-6.6,9,4.218500000000001,4.459000000000001,2.1144999999999996,36.0,36.0,36.0,structure_docking/05_vina\rank_0126_O86309\rank_0126_O86309_receptor.pdbqt,structure_docking/05_vina\rank_0126_O86309\acetyl_CoA.config.txt,structure_docking/05_vina\rank_0126_O86309\acetyl_CoA.out.pdbqt,structure_docking/05_vina\rank_0126_O86309\acetyl_CoA.vina.log.txt,
