record_no,sequence_crc64,length_aa,exact_sequence_source,uniparc_id,uniprot_accessions,taxon_id,organism,domain,phylum_or_kingdom,HXXXD_present,C_H_D_cooccur,both_motif_proxies,contains_noncanonical_residue,crc,y_pred,new_y_pred,new_rank
4298,D9BFC9825CD50679,301,UniProtKB/Swiss-Prot (reviewed representative),UPI000169C680,B7HYG6;B7HYG6,1386,Bacillus,Bacteria,Bacillota,False,True,False,False,D9BFC9825CD50679,0.995788872,1.0140526294708252,1
1912,C2749F8506A8C6F1,171,UniProtKB/Swiss-Prot (reviewed representative),UPI000012621F,Q01612;A0A1U7Q270,10036,Mesocricetus auratus,Eukaryota,Chordata,False,True,False,False,C2749F8506A8C6F1,-0.003082983,1.0073974132537842,2
4637,2E5C36B5B6A5D3B5,301,UniProtKB/TrEMBL (unreviewed representative),UPI0000166442,B0QMQ5;A0A0B5U1Q8;C3P2G5;A0A0B5YM01;A0A0B5LLN5;W8HU61;B3JBK7;A0A0B5NIE8;A0A6H9IGP3;A0A1V4B740;C3LFT4;A0A0B7Y9Z7;B0Q5T5;Q6HQ93;A0A0B6QKR0;Q81JP7;B1F2W9;B7JHN0;W0CPT3;A0A0U0G2Y8;A0A084CSM8;B3YZH3;A0A2P0HLQ6;B1GLP1;A0A0E0W7N9;W7GQJ6;J4TM60;J7EB34;C3HRV8;I0DB00;A0A243CRH6;C3LFT4;W7HET5;W0D2R6;A0A076Y3E1;A0A0B7PB22;A0A011R8I9;C3P2G5;A0A1S0QQI4;A0A242W1D1;W7GJU9;A0A0K6KVE0;A0A7U4BAZ7;B1UQH4;B0AT25;B7JHN0;E9R4N2;A0A4Y7R2X6,91061,Bacilli,Bacteria,Bacillota,False,True,False,False,2E5C36B5B6A5D3B5,0.995598972,1.00697922706604,3
4312,2E5C36B5B6A5D3B5,301,UniProtKB/TrEMBL (unreviewed representative),UPI0000166442,B0QMQ5;A0A0B5U1Q8;C3P2G5;A0A0B5YM01;A0A0B5LLN5;W8HU61;B3JBK7;A0A0B5NIE8;A0A6H9IGP3;A0A1V4B740;C3LFT4;A0A0B7Y9Z7;B0Q5T5;Q6HQ93;A0A0B6QKR0;Q81JP7;B1F2W9;B7JHN0;W0CPT3;A0A0U0G2Y8;A0A084CSM8;B3YZH3;A0A2P0HLQ6;B1GLP1;A0A0E0W7N9;W7GQJ6;J4TM60;J7EB34;C3HRV8;I0DB00;A0A243CRH6;C3LFT4;W7HET5;W0D2R6;A0A076Y3E1;A0A0B7PB22;A0A011R8I9;C3P2G5;A0A1S0QQI4;A0A242W1D1;W7GJU9;A0A0K6KVE0;A0A7U4BAZ7;B1UQH4;B0AT25;B7JHN0;E9R4N2;A0A4Y7R2X6,91061,Bacilli,Bacteria,Bacillota,False,True,False,False,2E5C36B5B6A5D3B5,0.995598972,1.00697922706604,3
4651,2E5C36B5B6A5D3B5,301,UniProtKB/TrEMBL (unreviewed representative),UPI0000166442,B0QMQ5;A0A0B5U1Q8;C3P2G5;A0A0B5YM01;A0A0B5LLN5;W8HU61;B3JBK7;A0A0B5NIE8;A0A6H9IGP3;A0A1V4B740;C3LFT4;A0A0B7Y9Z7;B0Q5T5;Q6HQ93;A0A0B6QKR0;Q81JP7;B1F2W9;B7JHN0;W0CPT3;A0A0U0G2Y8;A0A084CSM8;B3YZH3;A0A2P0HLQ6;B1GLP1;A0A0E0W7N9;W7GQJ6;J4TM60;J7EB34;C3HRV8;I0DB00;A0A243CRH6;C3LFT4;W7HET5;W0D2R6;A0A076Y3E1;A0A0B7PB22;A0A011R8I9;C3P2G5;A0A1S0QQI4;A0A242W1D1;W7GJU9;A0A0K6KVE0;A0A7U4BAZ7;B1UQH4;B0AT25;B7JHN0;E9R4N2;A0A4Y7R2X6,91061,Bacilli,Bacteria,Bacillota,False,True,False,False,2E5C36B5B6A5D3B5,0.995598972,1.00697922706604,3
9964,B5709D6FC19E0ECA,142,UniProtKB/TrEMBL (unreviewed representative),UPI000013AD3D,Q48XN3;A0A030KE01;A0A030MXY1;A0A030Q1G5;A0A2X4P948;A0A030NT03;A0A030N687;A0A030LT36;A0A030BD18;A0A030JPS5;A0A029XME1;A0A030NCS8;A0A030JJZ2;A0A030JFP4;A0A030JUW4;P0C0H5;A0A029SH40;A0A2H1X6I3;A0A029WQT8;A0A030L5F7;A0A030LL32;A0A0C6G4D5;A0A030KLS7;A0A030LBH1;A0A030N3W7;A0A030MII6;A0A029YX16;K4N4D8;A0A029Y3E9;A0A030K0Y5;A0A030PUZ8;A0A4U9T8A5;A0A030NH11;J7M667;A0A030L0C4;A0A030P785;A0A030KVD2;A0A3P5Y4L1;A0ABD7UV59;A0A030F5X4;A0A030M6S8;A0A029T7F7;A0A029UNW1;A0A030LFS9;U9WN95;A0A030EVE6;T0BJ51;A0A030ME07;A0A030KQD3;V6VLE3;A0A030P0M7;A0A030K5T4;A0A030PK17;A0A030JA36;A0A030J4Y4;A0A029SJW6;A0A030LXY1;P16963;A0A030PCU1;A0A030NPR1;A0A030AAU1,1301,Streptococcus,Bacteria,Bacillota,False,True,False,False,B5709D6FC19E0ECA,0.995235503,1.00626540184021,4
4295,89FDB292D88F89B7,301,UniProtKB/TrEMBL (unreviewed representative),UPI00016B52CC,A0A9X8NWF7;A0A6L3BN19;A0A243LDI1;J8KTY1;A0A9W7PA06;A0A9X0JZQ8;A0A0D1RGZ0;A0A3B0AH96;A0AAI9RIY9;A0A1Q9KU84;A0A9X5AI73;J8N4P5;A0A9X6QX59;A0A1S9YY56;A0A4P7U633;A0A9W5KRW4;B7HG67;A0A6I2EMU7;A0A9X7QCZ3;B7HG67;A0A0J6MY04,1386,Bacillus,Bacteria,Bacillota,True,True,True,False,89FDB292D88F89B7,0.995382607,1.0057296752929688,5
751,6476C52969F5067D,301,UniProtKB/TrEMBL (unreviewed representative),UPI00002415C0,M4HAD0;A0A4P9ETL9;A0A2C3GUQ5;Q72X44;F0PW86;A0A657R336;A0A5C5AL31;A0A1J9ZVK7;A0A150DYP1;Q72X44;A0A2Z2D5P8;A0A6L5LI97,1386,Bacillus,Bacteria,Bacillota,False,True,False,False,6476C52969F5067D,0.998349726,1.0055036544799805,6
6952,DEECF2DB9D24DEC9,301,UniProtKB/Swiss-Prot (reviewed representative),UPI000043CEC5,Q630J5;A0A0B6BC62;Q630J5,86661,Bacillus cereus group,Bacteria,Bacillota,False,True,False,False,DEECF2DB9D24DEC9,0.995406687,1.0051581859588623,7
9965,B575CD6FC4CE0ECA,142,UniProtKB/TrEMBL (unreviewed representative),UPI000000ACF8,A0A029SYE6;A0A029YKR0;A0A029Y893;A0A030DBC4;A0A030BKE6;P0DB79;A0A4U9I5S8;A0A030DSP6;Q1JFZ0;A0A030D6Q5;A0A029WTD8;A0A030DH20;A0A030C163;A2RDJ0;A0A029TPR5;A0A029UBL0;A0A030AIR8;A0A098QAD7;A0A029ZLR3;A0A030EKS3;A0A030AFT2;A0A030E8M5;A0A030PU19;A0A030DT78;A0A029X2N7;A0A029YSV6;A0A030CWW9;A0A029WKS7;A0A030CN73;A0A030LQ05;A0A029TJZ7;A0A030QDT2;A0A3G6AXF6;A0A029UTJ7;A0A030E0P8;A0A030D0G1;A0A0E1ERM8;A0A030BT10;A0A2N7AZP8;A0A029SC59;A0A030B5R4;U9WVY2;A0A030E636;A0A030EFV2;A0A030CAD7;A0A030BY87;A0A030CXA0;A0A2X3TYP9;A0A029Z798;A0A030MNY2;A0A030AQ83;A0A030C8I0;U2TWJ0;A0A030EKW0;A0A140JVJ0;A0A029TEC6;A0A029W3Z2;A0A030Q614;A0A029T743;A0A030CIB5;A0A030PK38;A0A029VG47;A0A030AV58;A0A075SNX1;Q8K6Q7;A0A5D3HFG9;P0DB78;A0A030QCN0;Q79XS0,1301,Streptococcus,Bacteria,Bacillota,False,True,False,False,B575CD6FC4CE0ECA,0.997776091,1.0044424533843994,8
9966,B575CD6FC4CE0ECA,142,UniProtKB/TrEMBL (unreviewed representative),UPI000000ACF8,A0A029SYE6;A0A029YKR0;A0A029Y893;A0A030DBC4;A0A030BKE6;P0DB79;A0A4U9I5S8;A0A030DSP6;Q1JFZ0;A0A030D6Q5;A0A029WTD8;A0A030DH20;A0A030C163;A2RDJ0;A0A029TPR5;A0A029UBL0;A0A030AIR8;A0A098QAD7;A0A029ZLR3;A0A030EKS3;A0A030AFT2;A0A030E8M5;A0A030PU19;A0A030DT78;A0A029X2N7;A0A029YSV6;A0A030CWW9;A0A029WKS7;A0A030CN73;A0A030LQ05;A0A029TJZ7;A0A030QDT2;A0A3G6AXF6;A0A029UTJ7;A0A030E0P8;A0A030D0G1;A0A0E1ERM8;A0A030BT10;A0A2N7AZP8;A0A029SC59;A0A030B5R4;U9WVY2;A0A030E636;A0A030EFV2;A0A030CAD7;A0A030BY87;A0A030CXA0;A0A2X3TYP9;A0A029Z798;A0A030MNY2;A0A030AQ83;A0A030C8I0;U2TWJ0;A0A030EKW0;A0A140JVJ0;A0A029TEC6;A0A029W3Z2;A0A030Q614;A0A029T743;A0A030CIB5;A0A030PK38;A0A029VG47;A0A030AV58;A0A075SNX1;Q8K6Q7;A0A5D3HFG9;P0DB78;A0A030QCN0;Q79XS0,1301,Streptococcus,Bacteria,Bacillota,False,True,False,False,B575CD6FC4CE0ECA,0.997776091,1.0044424533843994,8
7450,22E251FC39BAEAFF,301,UniProtKB/TrEMBL (unreviewed representative),UPI00004980E8,A0A5B7VPK3;A0AAN3VKD4;A0A9X6QRK8;A0A243DNJ2;R8S4U0;A0A9W5Q1Q1;A0A9W7U2Y1;A0AAP6I136;A0A9X6IRL9;A0A9Q5QIB2;Q814M3;A0A9W5P5P9;A0A0G4CRE8;A0A0U4U637;A0A1M6FVG5;A0A5E9IM17;A0A164VRF1;A0A243KV24;A0A9X7N7W3;J8HTQ0;J8L3Z8;D5TRH3;A0A9X6JIL3;A0A243EQ40;A0A7V7H108;A0A9W4ERH0;R8GWG0;A0A0T8YFI8;A0A1Y0TRI1;A0AAW4HYW8;W4EEF1;A0A9W5KGP2,91061,Bacilli,Bacteria,Bacillota,True,True,True,False,22E251FC39BAEAFF,0.995256245,1.0034384727478027,9
4306,36ED02F35A893036,301,UniProtKB/Swiss-Prot (reviewed representative),UPI00016B841B,B7IRT5;B7IRT5;A0A4U0S3C4;A0A2C0Z380;A0A7W7TQC2,86661,Bacillus cereus group,Bacteria,Bacillota,True,True,True,False,36ED02F35A893036,0.995800197,1.0034220218658447,10
7139,54C45E44C4D42029,301,UniProtKB/Swiss-Prot (reviewed representative),UPI00003B421C,Q6HAN0;A0A0B6BD79;A0A7D4LTC2;Q6HAN0,86661,Bacillus cereus group,Bacteria,Bacillota,False,True,False,False,54C45E44C4D42029,0.995307028,1.0028820037841797,11
2523,C2749F8366CEC6F1,171,UniProtKB/Swiss-Prot (reviewed representative),UPI00000E83C6,Q9JHW6;G3I902;Q9JHW6,10026,Cricetinae,Eukaryota,Chordata,False,True,False,False,C2749F8366CEC6F1,-0.001301157,1.0027780532836914,12
10021,08DFA68072F25EEA,142,UniProtKB/Swiss-Prot (reviewed representative),UPI00000D9A2D,Q8P051;U9XBD4;A0A2X4EK15;Q8P051,1301,Streptococcus,Bacteria,Bacillota,False,True,False,False,08DFA68072F25EEA,0.997208059,1.0017337799072266,13
4615,7EFD37B5A6B4DEC8,301,UniProtKB/TrEMBL (unreviewed representative),UPI0000E8A44D,A0A243B762;A0A0J1HQI2;B3ZD01;A0A0B5M937;A0AAN0SX31;A0RLI8;A0A7X2DQU1;A0A2S9Y2Y6;D8H4Y0;C1EQ75;A0A0B5MQ21;A0A5B3IND7;A0AAU9BR90;A0A0B5WFX1;A0AAE4TVM5;A0A6N0IZH7;A0AA96PU45;D7WH98;A0RLI8;B3ZQM9;A0A5C4Z3N5;A0A1Q4KXF9;A0ABD4L8B8;A0A154AUH8;C1EQ75,1386,Bacillus,Bacteria,Bacillota,False,True,False,False,7EFD37B5A6B4DEC8,0.995515049,1.0011136531829834,14
2777,7EFD37B5A6B4DEC8,301,UniProtKB/TrEMBL (unreviewed representative),UPI0000E8A44D,A0A243B762;A0A0J1HQI2;B3ZD01;A0A0B5M937;A0AAN0SX31;A0RLI8;A0A7X2DQU1;A0A2S9Y2Y6;D8H4Y0;C1EQ75;A0A0B5MQ21;A0A5B3IND7;A0AAU9BR90;A0A0B5WFX1;A0AAE4TVM5;A0A6N0IZH7;A0AA96PU45;D7WH98;A0RLI8;B3ZQM9;A0A5C4Z3N5;A0A1Q4KXF9;A0ABD4L8B8;A0A154AUH8;C1EQ75,1386,Bacillus,Bacteria,Bacillota,False,True,False,False,7EFD37B5A6B4DEC8,0.995515049,1.0011136531829834,14
355,A919838E8AA81899,171,UniProtKB/TrEMBL (unreviewed representative),UPI0000003E4B,A2BES1;P48026;Q3U444,39107,Murinae,Eukaryota,Chordata,False,True,False,False,A919838E8AA81899,0.997434849,1.0005834102630615,15
9995,285938C798DFA680,146,UniProtKB/TrEMBL (unreviewed representative),UPI000017021A,U9WLJ9;A0A5A4LGF0;Q5XAY3;A0A0G2V1E7;A0A167NUQ9;A0A089GQG0;A0A2X3UKD3;U9WKB6;P16963;T5E1R8;A0A209Q7R6;U9WC07;Q5XAY3;A0A0E4B7W9;A0A6C2WSF6;P0C0H4;V6WDQ1,2,Bacteria,Unresolved,Unresolved,False,True,False,False,285938C798DFA680,0.997240392,1.0003714561462402,16
9963,285938C798DFA680,146,UniProtKB/TrEMBL (unreviewed representative),UPI000017021A,U9WLJ9;A0A5A4LGF0;Q5XAY3;A0A0G2V1E7;A0A167NUQ9;A0A089GQG0;A0A2X3UKD3;U9WKB6;P16963;T5E1R8;A0A209Q7R6;U9WC07;Q5XAY3;A0A0E4B7W9;A0A6C2WSF6;P0C0H4;V6WDQ1,2,Bacteria,Unresolved,Unresolved,False,True,False,False,285938C798DFA680,0.997240392,1.0003714561462402,16
3716,A43D5C264BCAA6E7,301,UniProtKB/TrEMBL (unreviewed representative),UPI00006AE553,Q2ATV8;A9VTE3;A0AAC8S0C0;A9VTE3;W4R9Q7;A0A0A0WR69,86661,Bacillus cereus group,Bacteria,Bacillota,False,True,False,False,A43D5C264BCAA6E7,0.995925963,1.000164270401001,17
2122,516CA1D5EB91F466,171,UniProtKB/TrEMBL (unreviewed representative),UPI00004F2ABE,A0A6P3ERT4;A0AAD4UG72;F7VJJ0;A0A6B0SG79;A0AC11CEU0;A0A6P5BFI1;A0A6P3HMH6;Q3T0Q0;A0A8B9WTT5;A0ACI6RYQ9;A0A4W2DTJ6;A0A8C6FIH4;A0ACB9TZY3;A0A452EXI8;W5Q5Q0;Q3T0Q0,35500,Pecora,Eukaryota,Chordata,False,True,False,False,516CA1D5EB91F466,-0.000410474,0.999151051044464,18
1851,30125A9F7AA81888,171,UniProtKB/Swiss-Prot (reviewed representative),UPI0000126220,P49431;A0A6P5P270,39107,Murinae,Eukaryota,Chordata,False,True,False,False,30125A9F7AA81888,-0.000330816,0.9990739226341248,19
402,AA39CBAB56C8B8A4,424,UniProtKB/Swiss-Prot (reviewed representative),UPI00001AA29C,Q66165;B7TYG8;C6GHQ9,11128,Bovine coronavirus,Viruses,Pisuviricota,True,True,True,False,AA39CBAB56C8B8A4,0.997742712,0.9962618947029114,20
9496,C79C23FFE8B92210,325,UniProtKB/Swiss-Prot (reviewed representative),UPI00004E2E49,Q54IU9;Q54IU9;D8FSW7,44689,Dictyostelium discoideum,Eukaryota,Evosea,True,True,True,False,C79C23FFE8B92210,0.996625483,0.9955444931983948,21
2044,531564C4EE91F477,171,UniProtKB/Swiss-Prot (reviewed representative),UPI0000126221,Q28999;A0A8C3VNP0,35497,Suina,Eukaryota,Chordata,False,True,False,False,531564C4EE91F477,0.007291396,0.9946580529212952,22
333,79D0733CDDC5C629,525,UniProtKB/TrEMBL (unreviewed representative),UPI0000126229,E7KUU0;E7QL60;A0A0D4FJ90;A0A0D4HE62;A0A0D4FBQ1;A0A0D4F649;A0A3F3FVL7;A0A0D4FAB3;A0A3F3EL63;A0A0D4F5M0;W7PAB0;A0A3F3FPI2;A0A0D4FF97;A0A0D4F763;E7M0V8;A0A0D4G8R3;A0A0D4ETW6;A0A0D4GBV7;A0A0D4F2Z6;A0A0D4FWD8;P40353;C7GVG9;A0A0D4FI71;A0A0D4G8D6;D6W370;A0A0D4GVJ0;A0A0D4GZ27;A0A0D4EBM5;A0A0C5IQZ9;A0A0D4ERC6;A0A0D4ELF5;A0A0D4FU13;A0A0D4FRM7;A0A0D4E5Y3;A0A0D4G3Q5;A0A0D4GDJ1;A0A0D4FE96;A0A023ZIF5;A0A0D4F9U2;E7Q9U9;A0A0D4HIM6;A0A0D4GD92;A0A3F3F2S8;A0A0D4G2N7;A0A816BCE9;A0A0D4EA23;B3LK31;B5VSQ1;A0A0D4HKT2;A0A5J6SKC0;A0A0D4H8S9;A0A024XVW7;A0A0D4E901;A0A0D4G6E0;A0A0D4EGY7;C8ZHC6;N1NWA4;A0A0D4FLR9;A0A0D4HEC6;A0A0D4HGD6;A0A0D4HN38;W7R803;A0A0D4GU25;A0A0D4EX42;A0A0D4HBK7;A0A0D4EUT3;A0A0D4EDN2;A0A0D4FCV1,4932,Saccharomyces cerevisiae,Eukaryota,Ascomycota,True,True,True,False,79D0733CDDC5C629,0.99804312,0.993800938129425,23
3155,1411CB142525845B,305,UniProtKB/Swiss-Prot (reviewed representative),UPI0000664BBF,A4WUJ2;A4WUJ2;A3T7P8,1653176,Cereibacter,Bacteria,Pseudomonadota,True,True,True,False,1411CB142525845B,0.996311367,0.992980420589447,24
275,6A0578B88CD72F09,171,UniProtKB/TrEMBL (unreviewed representative),UPI000012621E,G3SGI4;H2QYE7;P21673;A0A2R9B7N7;K7DU96;A0A384NQ10;Q0JV65;A0A2J8L381;A0A6D2X3R6;Q6ICU9,81077,artificial sequences,Unresolved,Unresolved,False,True,False,False,6A0578B88CD72F09,0.061648756,0.9906923174858092,25
2392,884F62EE071A368F,171,UniProtKB/Swiss-Prot (reviewed representative),UPI00000FE286,Q8AXL1;F1NBG7;A0A8C9EVU1;A0A2P4SH43;A0A226P5I2;Q8AXL1,8976,Galliformes,Eukaryota,Chordata,False,True,False,False,884F62EE071A368F,0.00478663,0.9889137148857116,26
5154,00555D36A843D589,219,UniProtKB/Swiss-Prot (reviewed representative),UPI0000127013,P26825,2,Bacteria,Unresolved,Unresolved,True,True,True,False,00555D36A843D589,0.99703449,0.988852083683014,27
348,2484D6BEAC761983,358,UniProtKB/TrEMBL (unreviewed representative),UPI00001685EE,A0A8D4RJR5;A0A0E1WLU6;P45131;P45131;C9MJ70,727,Haemophilus influenzae,Bacteria,Pseudomonadota,False,True,False,False,2484D6BEAC761983,0.942433298,0.9871931672096252,28
1943,023DDFAAEA528833,455,UniProtKB/Swiss-Prot (reviewed representative),UPI0000E26BB5,Q0BN96;Q0BN96;A0A0B6CRL5,263,Francisella tularensis,Bacteria,Pseudomonadota,False,True,False,False,023DDFAAEA528833,0.088845402,0.9851862788200378,29
1999,04F0E69122420767,455,UniProtKB/Swiss-Prot (reviewed representative),UPI0000DACBEE,Q14J62;Q14J62,263,Francisella tularensis,Bacteria,Pseudomonadota,False,True,False,False,04F0E69122420767,0.078904741,0.9851240515708924,30
6532,25C9E26CA507A626,358,UniProtKB/Swiss-Prot (reviewed representative),UPI00003CDC34,Q4QJY8;C4F6C7;Q4QJY8;A0A2R3FZ60;A0A0C5F1W9;A0A060GDD4,32644,unidentified,Unresolved,Unresolved,False,True,False,False,25C9E26CA507A626,0.932630897,0.9851133227348328,31
2049,04F0E691225AB037,455,UniProtKB/TrEMBL (unreviewed representative),UPI000049C28B,A0AAN0QLL2;K5WWX3;K0E9E0;R0HBE7;A0A029R0J2;A7NAF3;W5UV16;A0A0E2ZKX0;H6LZL0;Q2A4X7;A0A0G2P9F0;B2SFB5;A0AAP6RCD2;Q5NHR0;A7NAF3;K7X2D4;A0A6B2JFN7;K5XP14;A0A0E3VI10;A0A4Q7HFC0;Q2A4X7;A0A454NTV4;A0A1R0HJW0;A0A029RMW5;A0A029QUT3;K8YGM9;A0AAQ1CM81;R0H5Y8;K5XQ79;A0A509J5C6;R0H6B0;A0A029R7R6;Q5NHR0;D2ALP8;A0AAI8BIT0;A4KQ47;A0A0B6DW54;A0A0M1U4L0;A0AAD3ARU1;A4IZM7;K5XPE9;M5UC30;A0A0F7NYZ6;A0A0K1NT92;A0A0B6EKC3;A0A0B6EGK8;A4IZM7;A0A4P1NBS5;A0A029RVF0;K5Y8A4;A0A080QBT8;A0A6N3S898;H6LT48;B2SFB5;A0A0B6DFE9;A0A029RCD5;A0A806QRN9;A0A0E3CY04;A0A0K1Z199,263,Francisella tularensis,Bacteria,Pseudomonadota,False,True,False,False,04F0E691225AB037,0.99754101,0.9846076369285583,32
1330,04F0E691225AB037,455,UniProtKB/TrEMBL (unreviewed representative),UPI000049C28B,A0AAN0QLL2;K5WWX3;K0E9E0;R0HBE7;A0A029R0J2;A7NAF3;W5UV16;A0A0E2ZKX0;H6LZL0;Q2A4X7;A0A0G2P9F0;B2SFB5;A0AAP6RCD2;Q5NHR0;A7NAF3;K7X2D4;A0A6B2JFN7;K5XP14;A0A0E3VI10;A0A4Q7HFC0;Q2A4X7;A0A454NTV4;A0A1R0HJW0;A0A029RMW5;A0A029QUT3;K8YGM9;A0AAQ1CM81;R0H5Y8;K5XQ79;A0A509J5C6;R0H6B0;A0A029R7R6;Q5NHR0;D2ALP8;A0AAI8BIT0;A4KQ47;A0A0B6DW54;A0A0M1U4L0;A0AAD3ARU1;A4IZM7;K5XPE9;M5UC30;A0A0F7NYZ6;A0A0K1NT92;A0A0B6EKC3;A0A0B6EGK8;A4IZM7;A0A4P1NBS5;A0A029RVF0;K5Y8A4;A0A080QBT8;A0A6N3S898;H6LT48;B2SFB5;A0A0B6DFE9;A0A029RCD5;A0A806QRN9;A0A0E3CY04;A0A0K1Z199,263,Francisella tularensis,Bacteria,Pseudomonadota,False,True,False,False,04F0E691225AB037,0.99754101,0.9846076369285583,32
2227,04F0E691225AB037,455,UniProtKB/TrEMBL (unreviewed representative),UPI000049C28B,A0AAN0QLL2;K5WWX3;K0E9E0;R0HBE7;A0A029R0J2;A7NAF3;W5UV16;A0A0E2ZKX0;H6LZL0;Q2A4X7;A0A0G2P9F0;B2SFB5;A0AAP6RCD2;Q5NHR0;A7NAF3;K7X2D4;A0A6B2JFN7;K5XP14;A0A0E3VI10;A0A4Q7HFC0;Q2A4X7;A0A454NTV4;A0A1R0HJW0;A0A029RMW5;A0A029QUT3;K8YGM9;A0AAQ1CM81;R0H5Y8;K5XQ79;A0A509J5C6;R0H6B0;A0A029R7R6;Q5NHR0;D2ALP8;A0AAI8BIT0;A4KQ47;A0A0B6DW54;A0A0M1U4L0;A0AAD3ARU1;A4IZM7;K5XPE9;M5UC30;A0A0F7NYZ6;A0A0K1NT92;A0A0B6EKC3;A0A0B6EGK8;A4IZM7;A0A4P1NBS5;A0A029RVF0;K5Y8A4;A0A080QBT8;A0A6N3S898;H6LT48;B2SFB5;A0A0B6DFE9;A0A029RCD5;A0A806QRN9;A0A0E3CY04;A0A0K1Z199,263,Francisella tularensis,Bacteria,Pseudomonadota,False,True,False,False,04F0E691225AB037,0.99754101,0.9846076369285583,32
1404,04F0E691225AB037,455,UniProtKB/TrEMBL (unreviewed representative),UPI000049C28B,A0AAN0QLL2;K5WWX3;K0E9E0;R0HBE7;A0A029R0J2;A7NAF3;W5UV16;A0A0E2ZKX0;H6LZL0;Q2A4X7;A0A0G2P9F0;B2SFB5;A0AAP6RCD2;Q5NHR0;A7NAF3;K7X2D4;A0A6B2JFN7;K5XP14;A0A0E3VI10;A0A4Q7HFC0;Q2A4X7;A0A454NTV4;A0A1R0HJW0;A0A029RMW5;A0A029QUT3;K8YGM9;A0AAQ1CM81;R0H5Y8;K5XQ79;A0A509J5C6;R0H6B0;A0A029R7R6;Q5NHR0;D2ALP8;A0AAI8BIT0;A4KQ47;A0A0B6DW54;A0A0M1U4L0;A0AAD3ARU1;A4IZM7;K5XPE9;M5UC30;A0A0F7NYZ6;A0A0K1NT92;A0A0B6EKC3;A0A0B6EGK8;A4IZM7;A0A4P1NBS5;A0A029RVF0;K5Y8A4;A0A080QBT8;A0A6N3S898;H6LT48;B2SFB5;A0A0B6DFE9;A0A029RCD5;A0A806QRN9;A0A0E3CY04;A0A0K1Z199,263,Francisella tularensis,Bacteria,Pseudomonadota,False,True,False,False,04F0E691225AB037,0.99754101,0.9846076369285583,32
1496,04F0E691225AB037,455,UniProtKB/TrEMBL (unreviewed representative),UPI000049C28B,A0AAN0QLL2;K5WWX3;K0E9E0;R0HBE7;A0A029R0J2;A7NAF3;W5UV16;A0A0E2ZKX0;H6LZL0;Q2A4X7;A0A0G2P9F0;B2SFB5;A0AAP6RCD2;Q5NHR0;A7NAF3;K7X2D4;A0A6B2JFN7;K5XP14;A0A0E3VI10;A0A4Q7HFC0;Q2A4X7;A0A454NTV4;A0A1R0HJW0;A0A029RMW5;A0A029QUT3;K8YGM9;A0AAQ1CM81;R0H5Y8;K5XQ79;A0A509J5C6;R0H6B0;A0A029R7R6;Q5NHR0;D2ALP8;A0AAI8BIT0;A4KQ47;A0A0B6DW54;A0A0M1U4L0;A0AAD3ARU1;A4IZM7;K5XPE9;M5UC30;A0A0F7NYZ6;A0A0K1NT92;A0A0B6EKC3;A0A0B6EGK8;A4IZM7;A0A4P1NBS5;A0A029RVF0;K5Y8A4;A0A080QBT8;A0A6N3S898;H6LT48;B2SFB5;A0A0B6DFE9;A0A029RCD5;A0A806QRN9;A0A0E3CY04;A0A0K1Z199,263,Francisella tularensis,Bacteria,Pseudomonadota,False,True,False,False,04F0E691225AB037,0.99754101,0.9846076369285583,32
1263,5AE0E691225AA496,455,UniProtKB/TrEMBL (unreviewed representative),UPI0000E89749,A0A7U5BB91;A0Q565;A0A0B6KKS8;A0A6N3JBG5;A0Q565;B4AQ53;F4BDS3;A0A080S8E7;A0A1S2WVN5;A0A6I4RW62;A0A1J0L0V8;A0AA40Z0X1;A0AAE1ZY48;A0A0B6DPD5;A0A0B6C2F5,262,Francisella,Bacteria,Pseudomonadota,False,True,False,False,5AE0E691225AA496,0.082165428,0.9845373034477234,33
1748,7725A5E39F88D9C1,206,UniProtKB/TrEMBL (unreviewed representative),UPI00000D1062,A0A040YH11;A0A043WXS5;A0A052Z881;E2UMN9;A0A052VGR8;A0A055H7Z0;A0A056L1Y4;A0A047W6E1;A0A053VVK6;A0A050TFR0;A0A055H9K5;A0A058QRL5;A0A047WZE2;A0A048QXZ8;A0A041X4V2;A0A056LUY5;A0A055CZM6;A0A055KVU7;A0A057U174;A0A049ZXC8;A0A053Q5B6;A0A040Y5D8;A0A051VUW6;A0A055E4B1;A0A044F428;A0A050CJR2;A0A050X7H0;A0A053MP15;A0A044AP77;A0A058IIK9;A0AA45GCJ9;A0A047U0K1;A0A046MWL3;A0A039ZTE2;A0A053G8R4;A0A058LJ38;A0A055FMF9;A0A040ZQE5;A0A048CM68;A0A0H4FX81;A0A055GHH6;A0A046DJI2;A0A042PEQ0;A0A054PHI7;A0A057UPE3;A0A054BN12;A0A071Z8H7;A0A044MJH7;A0A051L2N2;A0A051J5G8;A0A041Z8G8;A0A051L042;A0A041BZ07;A0A041H1N4;A0A7U4BVE7;A0A053JC74;A0A053HVX8;A0A054W430;A0AAE8WJG1;A0A049P3J2;A0A052A235;A0A048DR56;A0A058GHL9;A0A046X8S2;A0A057HBZ9;A0A058QJJ6;A0A040CAI2;A0A044DRN9;A0A044EI53;A0A052NPM2;A0A041M9T6;A0A045MVG4;A0A040BCG2;A0A042H5Z2;A0A047IQN1;A0A040T875;A0A048VXU9;A0A044TLC0;A0A054EWK8;A0A045X828;A0A049JUU1;A0A1Q1TDD0;A0A058P382;A0A053LY91;A0A038KRL6;A0A039XEW6;A0A056G790;C1AQ84;I6RFT5;A0A038YF42;A0A040UHR4;A0A056AUE6;A0A046VZ79;A0A042YT75;A0A040NGQ3;A0A051HA72;A0A058M1Q8;A0A042QKG2;A0A043AH12;A0A056FJL2;A0A043MPN7;A0A047DXM6;A0A1Q2AQ27;A0A043SPG4;A0A049GR40;A0A045BMH7;A0A048LCD8;A0A039VRW5;A0A047Y7Z1;A0A038WK66;A0A046WQP0;A0A041DNR5;A0A042S4S0;A0A055TDW7;A0A049AX43;A0A046RVD9;A0A044B7C7;A0A049D7R3;A0A038UC07;A0A046AWZ9;A0A040GAN6;A0A050A4U3;A0A1Q1YT47;A0A039ICF6;A0A043QGY9;A0A042YTY8;A0A046Q430;A0A045NT73;A0A038LVR6;A0A042XHK3;A0A043HY16;A0A042LBC0;O53504;A0A057QMM3;A0A8E0EYV1;A0A052GMD2;A0A1Q2BCK4;E2TN76;A0A051VK82;A0A053K4F6;A0A054BUK5;A0A044YXM2;A0A050LI54;A0ACD3TRA4;A0A042KEA2;A0A047YJJ7;A0A1Q1VAE5;A0A039JRA2;A0A051IJ52;A0A056ERW9;A0A053H8W1;A0A047B1J1;A0A040X334;A0A047NL64;A0A045Q8C5;A0A047ILD6;A0A043CLS2;A0A050KUA7;A0A052KS10;A0A054YZM1;A0A047KZR5;A0A058Q6H1;A0A057W771;A0A057XVC5;A0A054AL14;A0A072A5S2;A0A057KNA4;X8G1R3;A0A055JD90;A0A040HAK7;A0A055N262;A0A054JLN0;A0A052CCE2;A0A050YAQ2;A0A072ES45;A0A0H3P6V4;A0A044I3D1;A0A047LQL6;A0A047HBE1;A0A051BT09;A0A042KG27;A0A051ESC5;A0A056P956;A0A048VJ82;A0A056IXC5;A0A041Q4N7;A0A041PVB2;A0A039ILV0;A0A049W3Y6;A0A055R0V9;A0A051YQA0;A0A056YIY5;A0A041ZID7;A0A048H795;A0A041JPB4;A0A042HQM0;A0A057N713;A0A057SDM4;A0A048Z4H7;A0A058EY47;A0A052SX37;A0A055BQ13;A0A054W3X6;A0A044HKP1;A0A043NIB7;A0A053Z8U4;A0A072AMX0;A0A044NJI0;A0A055W2Y9;A0A045DKT2;A0A051J7C4;A0A052ZPG4;A0A047ZJK4;A0A039W700;A0A045QX33;A0A041PHQ0;A0A041IMS9;A0A040QMG1;A0A120IXA1;A0A044VIA0;A0A047SNS8;A0A043UH79;A0A053TPD8;A0A050MVP0;A0A1Q1U0Q6;A0A040RCP0;A0A043LB51;A0A040HAI6;A0A047QYD4;A0A048SN23;A0A071T1B0;A0A056ZGH5;A0A053LBI2;A0A054APN4;A0A039XUJ6;E2UZY4;A0A057P5A7;A0A038WXZ3;A0A046NW21;A0A057XBW8;A0A049I5D9;A0A051IA40;D7ESP8;A0A046HAK1;A0A050YH88;A0A038N6F7;A0A052XNP5;A0A046FKV3;A0A050JAK3;A0A038ZGV6;A0A049G6U8;A0A050ZB38;A0A055VEW9;A0A041NCX6;A0A053WCW6;A0A038RB76;A0A055NLQ1;A0A041NHE1;A0A041WDP1;A0A041XYK9;A0A051ZHT7;A0A044RR80;A0A056Y5K5;A0A041FYL8;A0A046ZJW0;A0A049PMV1;A0A040GFN5;A0A045W7S7;A0A048R8I9;A0A049KLR3;A0A041FNH9;A0A043YUE6;E2VA50;A0A054UUV0;A0A054EM22;A0A056G3D0;A0A045MD59;A0A055UEN1;A0A052PDK4;A0A040RKU8;A0A043NWT6;A0A053ZFL3;A0A043WDQ4;A0A0H3MEU2;A0A043SG14;A0A052A8W2;A0A047HP68;A0A040CSS1;D6FWI9;A0A040K3Q1;A0A057RNE0;A0A050AKT1;A0A043XG85;A0A056HH57;A0A044VZG6;A0A052TIY0;A0A041KWM6;A0A055NUI5;A0A052YHU2;A0A058EGC9;A0A039LYY7;A0A043CJI5;A0A049GN40;A0A050IT95;A0A051FRA8;A0A052DG09;A0A053ZJH4;A0A050NU88;A0A041F424;A0A041MSB6;A0A071TWG1;A0A045A7A1;A0A055D4Y1;A0A051PF47;A0A039K9Z7;A0A039CEI6;A0A042VKK6;A0A056DKS0;A0A044LPP1;A0A057HP09;A0A041EGP6;A0A0G4E3V5;A0A7U4CA33;A0A057L9C3;A0A041RKR7;A0A056CVP8;A0A056PKN5;A0A044BRX2;A0A043KGI4;A0A042GCW9;A0A055IHV4;A0A041ATI8;A0A042ENK0;A0A049RSV7;A0A043KVH1;A0A041WK34;A0A044CLD5;A0A045RZC5;A0A052Q5F7;A0A040CF00;A0A048RI52;A0A043C2W1;A0A055M2L4;A0A054EX61;A0A053UNJ7;A0A058KI20;A0A058N1Z4;A0A048GFE9;A0A041J5J6;A0A045X1V2;A0A047UQB5;A0A048D7R9;A0A054IPN6;A0A039VW85;A0A051Y6R3;A0A048TSB6;A0A051A0G9;A0A041CEE1;E2WIZ8;A0A050CGK8;A0A051S759;A0A058BQ51;A0A057J6E2;A0A058NHY6;A0A053CXL2;A0A055VDA7;A0A039SEV4;A0A045Y4W9;A0A7U8TTQ9;A0A040EQ44;A0A042ZRF6;A0A1Q1RSN5;A0A051H6K9;A0A039BP29;A0A054JZC2;A0A041SFP4;A0A1Q1W8N3;A0A050H9J2;A0A046CAL5;A0A055A546;A0A057KXG3;A0A039Z210;A0A049G2M8;A0A038X8J7;A0A048JGS8;A0A1Q1WW58;A0A056K7B7;A0A044SX40;A0A054L4V4;A0A038WNS4;A0A049FI33;A0A039EIG1;A0A039YSZ8;A0A052DQ76;A0A053VSU5;A0A044IJ16;A0A042P1Z0;A0A057PRV5;A0A054RGQ0;A0A071X159;A0A057DLW0;A0A055GYJ0;A0A056BNU8;A0A039UAR5;A0A057CSS6;A0A041CMQ5;A0A039JV09;A0A046JX92;A0A056Z3Q1;A0A058S038;A0A054MQG1;A0A054TX93;A0A044GVB6;A0A058SET6;A0A1Q1ZRX1;A0A050R677;A0A0H3LF03;A0A7U8YLF7;A0A052SGE7;H8HU26;A0A055B4W7;A0A050W138;A0A043VIA7;A0A079KDS1;A0A045AQ55;A0A058HI48;A4KIU3;A0A052R9D5;A0A041ITV9;A0A042CDB0;A0A050CKM6;A2VJR2;A0A8E0E3K9;A0A056VBL9;A0A049Y2B1;A0A048XBJ7;A0A040PMR0;A0A058C2S0;A0A038XPN6;A0A040ABX0;A0A045R6P4;A0A071Q284;A0A071MUW6;A0A072B2T8;A0A045WG97;A0A042ABC4;A0A048WM73;A0A039KBN7;A0A041ZPP2;A0A050V126;A0A056AJF0;A0A046LLY4;A0A039R2I4;A0A042P251;A0A044M1C8;A0A051NB40;A0A038YD34;A0A040KN57;A0A1Q2BNF8;A0A046G8K1;E2TAT1;F8M0I0;A0A039J719;A0A7U9K4M7;T0DFA7;A0A053DJ83;A0A1Q1ZFP6;A0A047KFG5;A0A039A634;A0A053IG71;A0A056FHS3;A0A046ZDS1;A0A039GIJ3;A0A038VTM5;A0A048I7M0;A0A044XIB3;A0A041JPD5;A0A057ZA13;A0A045M5A7;A0A058FDM6;A0A045VSY1;A0A057FWE7;A0A056XEP7;A0A071PLD0;A0A042J8B0;A0A039RNZ1;A0A045YM48;A0A040D3J0;A0AAP5BWE8;A0A048AQH1;A0A043JCM2;A0A039SU11;A0A043JNK8;A0A071NYV6;A0A045UWF0;A0A048ARY9;A0A048ID87;A0A052KWC0;A0A051K0P0;A0A040V9J2;A0A050Z2R4;W6H0S8;A0A050RTL3;A0A052EEY2;A0A039FMP5;A0A056E2K9;A0A054XYE5;A0A052Z555;A0A050F4D2;A0A054Z543;A0A056L8D7;W8SZX6;A0A038V8X5;A0A046SKX9;A0A057V6D6;A0A042D868;A0A042DIK1;A0A043TZ50;A0A043L9J9;A0A040M051;A0A044NZN8;A0A053IE40;A0A048HGZ6;A0A044ZD73;A0A053P9V3;A0A051U104;D6FI64;A0A057C760;A0A043VQN0;A0A057ZJA5;A0A038TT15;A0A048Z5J4;A0A045KEZ3;A0A038SVQ0;A0A040SQE6;A0A038Q4B3;A0A039TME9;A0A055D2S3;A0A043Q5C3;A0A043ML50;A0A041I0E3;A0A051LWL0;A0A049M6D1;E2TZR3;A0A054HWY0;A0A044U687;A0A057DNF0;E9ZKT5;A0A042UN19;A0A044YRK7;A0A057MBB3;A0A042TWF7;A0A041L7C7;A0A053L4Q1;A0A041GXA9;A0A050VJK0;A0A054XQ55;A0A042FQ81;A0A052AGC1;A0A043FWB4;A0A053ETY5;A0A1Q2A2X8;A0A050ZHU2;A0A039BCC7;A0A053JZW7;A0A053PEY6;A0A046P1S2;A0A038MXY8;A0A049CE22;A0A1Q1S3P3;A0A043IBC7;A0A046SIN8;A0A046BU76;A0A047EBA3;A0A058PR15;A0A050HJZ4;A0A055I2N8;A0A058E2K1;A0A043YN30;A0A046RUX8;A0A050AWV6;A0A040DY48;A0A041YIF4;A0A058A4T5;A0A043X193;A0A046R4N2;A0A049U407;V2VQA1;W6GQ37;A0A040TZ02;A0A040DA77;A0A044YDN6;A0A051E9Q9;A0A051QQ85;A0A057E514;A0A046VA61;A0A048C112;A0ABX2VEB1;A0A044CGT1;A0A050LAN3;A0A049LLE5;A0A052B2N5;A0A040THQ4;A0A056GUL5;A0A054NSH2;A0A042ZCG9;A0A051FTT4;A0A052TTR6;A0A055RER0;A0A042IIB6;A0A089QU58;A0A039K8I3;A0A047ZSI0;A0A042UW05;A0A046ARN0;A0A057T8X4;A0A049SRA8;A0A054T706;A0A046M4T0;A0A042C7P5;A0A049NE17;A0A044JG51;A0A055YGI0;X8FV71;A0A039HMI3;A0A044KCI1;A0A042BRI0;A0A046ER74;A0A043REE7;A0A046PMM4;A0A050EKE4;A0A058AQD8;A0A040EI17;A0A052LI41;A0A047PWE7;A0A049V861;A0A045KNP8;A0A041YQ14;A0A048WXZ7;A0A039RF94;T5HCL6;A0A054J5H1;A0A045DBK7;A0A057NTT8;A0A053BVV5;A0A052K6T8;A0A055FS28;A0A054GJ87;H6SE12;A0A057BDY7;A0A046FXH3;A0A058JTR0;A0A079K4U8;A0A048JBJ8;A0A040XQL1;A0A042Q7F3;A0A039EDM3;A0A046F3P0;A0A071NN22;A0A040TN57;A0A045D5I1;A0A056M7S2;A0A057XW12;M9UQ89;A0A055L4T5;A0A048VD85;A0A039AHH3;A0A044XZV1;A0A047AD30;A0A071PP38;A0A042Z9E5;A0A049N399;A0A049QFQ3;A0A051LVX9;A0A048CJB8;A0A040BWM6;A0A054PZZ0;A0A052ZZR4;A0A046DY71;A0A056DTX1;A0A046FDZ9;A0A049WYE0;A0A7U4EBS6;A0A048AYI9;A0A040SLY6;A0A047AZN6;A0A052NW76;A0A042B452;A0A043Z815;A0A054A000;A0A044FMC1;A0A044PTN6;A0A047BF36;A0A0K2HXC8;A0A043PGA5;A0A054E3Z3;A0A055UJP5;A0A047YKY0;A0A8S8LQY7;A0A050ER64;A0A050EFL2;A0A056KT60;A0A042SRU3;A0A053VCT7;A0AAQ0F044;A0A051RUP8;A0A054HFR4;A0A042RIE4;A0A328GH88;A0A7U8YEL0;A0A038MMM1;A0A047P5V0;A0A041MA25;A0A043HFY1;A0A045C280;A0AAX1PUR8;A0A050QYU1;A0A053EJN9;A0A055PI20;A0A047FL13;L0NUN9;A0A053WH68;A0A047WJI0;A0A043IQG6;A0A056AD38;A0A049YXN3;A0A056K870;A0A057LE75;A0A039FTZ0;A0A052CJU2;A0A044WWT8;A0A051RB25;A0A044JII0;A0A040LDA5;A0A050SEG1;D5Y511;F9V4U5;A0A2T3UL67;A0A046IRP2;A0A055UU12;A0A042GL01;A0A048F6L3;A0A051BB17;A0A056N7K4;A0A047D5U8;A0A051NSH3;A0A049PDH3;A0A048W049;A0A043UUI1;A0A054SHN8;A0A047I583;A0A040ILH6;A0A039HFC2;A0A071XLB2;A0A043EY72;A0A046YGZ2;A0A040B2A1;A0A043AV24;A0A055MF83;A0A071N9V2;A0A048ZXH3;A0A049J549;A0A041XNH8;A0A053IHN6;A0A058BC02;A0A044PJY1;A0A044BIS6;A0A046B016;A0A056WUY1;H8F4J4;A0A054GIZ8;R4MKV6;A0A045XGE8;A0A8E0A8P1;A0A039FSP5;A0A043LSP0;A0A048MJ32;A0A058HND4;A0A053R2N0;A0A057GZ50;A0A040XBS2;A0A052YND4;A0A055ELR0;A0A052VRD0;A0A046AA89;A0A049Z289;A0A045K5C6;A0A1Q2ADX1;A0A045T9T0;A0A041QKL3;A0A058H2S0;A0A044N4I1;A0A040N2U4;A0A042TDW0;A0A045U7C4;A0A051SKT8;A0A048RNR4;A0A047PL81;A0A041AED0;A0A056BLR4;A1QTG3;A0A040AKR6;A0A053G3T4;A0A054WI66;A0A055Y0N6;A0A054C6H6;A0A043ZNW6;A0A047DZA4;A0A057ATU4;A0A057UYW9;A0A053NG30;A0A055M842;A0A072DG25;A0A053API5;A0A052M579;V2VMK2;A0A046DL27;A0A038Q646;A0A040H0W1;A0A048S110;A0A056CCA5;A0A057ND01;A0A038P2F0;A0A054VFN4;A0A1Q1QID0;A0A058FD19;A0A056SB04;A0A043ZZC1;A0A053N4X8;A0A071R0V5;A0A044G473;A0A038TD04;A0A042YE35;A0A054Y3Z3;A0A042I8D0;A0A056TNM3;W6HFX4;A0A051Q9I3;A0A058MTI2;A0A043DCT7;A0A043GVX7;A0A047JAU6;A0A056UU16;X8G2A0;A0A049CPX0;A0A052B0R5;A0A043WKY1;A0A053XP14;A0A046UP95;A0A053DKF5;A0A040NE93;A0A044I8V6;A0A056ID40;A0A048NRR7;A0A043E0X3;A0A043R1B7;A0A083W2Y2;A0A051DAM3;A0A042DS93;A0A051WHG8;A0A052M3M4;A0A040JRY7;A0A052E955;A0A057IA97;A0A041K995;A0A047CVU9;A0A047J6J0;A0A050JFW2;F2GK02;A0A038SGE2;A0A052X0H4;A0A044M6E1;A0A050X7W6;A0A042EIZ4;A0A081GCG5;A0A056GNK4;A0A044A9B8;A0A042SSI8;A0A057CFJ1;A0A054VBQ5;A0A057YMU2;A0A041LKK2;A0A054ABI2;A0A048BZ94;A0A047G4K4;E2W6Z5;A0A044UVK1;A0A046EE07;A0A053B9F6;A0A041UGV6;A0A043KMA8;A0A054IWS2;A0A044J2G8;A0A047M6X8;A0A057B5I8;A0A049J9D2;A0A044NUB5;A0A044Q5A9;A0A097ZYL7;A0A043DL88;A0A058RRG7;A0A058KWE8;A0A050TKC1;A0A050TPG8;A0A054SS73;A0A046U0H4;A0A038P2T2;A0A053BJK9;A0A056RD01;A0A043YAA6;A0A056C854;A0A044E3X8;A0A045TSH2;A0A045Z176;A0A047E0C8;A0A048MTG9;A0A057IXQ6;A0A051MEX4;A0A057WJ08;A0A054ZFX3;A0A045BVT7;A0A054CWH9;A0A046WEP5;A0A045UM02;A0A056SM42;A0A043TCL3;A0A052MSQ0;A0A044N1T0;A0A1Q1Q767;A0A071UVN7;E2VJG2;A0A052X3R8;A0A046HKI3;A0A053V7N2;A0A039D529;A0A058CD96;A0A044ZN71;F7WT28;A0A1Q1XIL1;A0A047NMR6;A0A040X798;A0A050E6T4;A0A051TBG0;A0A9P2M4G7;A0A058G3N8;A0A038QM54;A0A054FFK4;A0A051EWH2;A0A049LB70;A0A041SUJ9;A0A039M3Z5;A0A044SF57;A0A044WYN1;A0A049TU59;A0A052WF95;A0A040KMN2;A0A039BXD3;A0A045VD01;A0A829C2B2;A0A048E2L0;A0A052FMY7;F7WDW9;A0A057MT15;A0A047VVQ4;A0A040MEA0;A0A046UZS2;A0A042RI03;A0A055P123;A0A052NB72;A0A047Y3L6;A0A041BKB5;A0A053X6F1;A0A046N9V4;A0A051AKY0;A0A057G1W3;A0A051BLM6;A0A057A1B0;A0A058AT19;A0A7V9W9H2;A0A051PJY9;A0A042WX03;A0A055EXF4;A0A051Y033;A0A056W5U0;C6DPP0;M8DFH4;A0A055PUJ6;A0A039QJ80;A0A040P756;A0A039NRT4;A0A042MKL6;A0A047H016;A0A051MHS8;A0A048KAS7;A0A048LB18;A0A071ZC55;A0A052SDM2;A0A049ANU4;A0A048ZXM0;D6F5U9;A0A050BDZ4;A0A052RPZ7;A0A058DDK5;A0A041D185;A0A054RL58;A0A046YU20;A0A046I5Q2;A0A049L9N4;A0A055XKK2;A0A050GJZ9;A0A050UBY9;A0A054TM13;A0A048NAJ3;A0A052CYA4;A0A074S9P1;A0A043V3J3;A0A039XYT2;A0A043S6T0;A0A045MXX4;A0A041TQY2;A0A042HHC2;A0A071YTN4;A0A043MK11;A0A054MM00;A0A038Z1M2;A0A039L6N7;A0A051CNJ4;A0A047C124;A0A049W2A4;A0A057D058;A0A043B533;A0A057GKK4;A0A046ZV29;A0A057W7P4;A0A045L3H4;A0A048FMS1;A0A043TJ48;A0A041X0Y0;A0A1Q1VLH8;E2VVS3;A0A0K8KSC2;A0A038NPH3;A0A048I405;A0A041TU78;A0A052FAT7;A0A057T3A9;A0AB72XLF8;A0A039I3N1;A0A057LXC0;A0A053PY28;A0A049XLF8;A0A054R7D2;A0A051K3L2;A0A072AQL4;A0A045PES8;A0A040Q9J2;A0A050AJ57;A0A049KE69;A0A038XJ56;A0A049VN30;A0A057VUU5;A0A051K6C6;A0A043SZ93;A0A057EW91;S5F6H0;A0A050JRM2;A5WPE0;D5XUT4;A0A045ZH03;A0A050C8H1;A0A054QKI2;A0A052C0G5;A0A039L8G7;A0A046BRS1;A0A045R7L5;A0A051E5N3;A0A051HRL1;A0A044H480;A0A056RV39;A0A048NC56;A0A047G5S6;A0A057PF95;A0A044HB03;A0A055STE8;A0A040KDV6;A0A049MKW2;A0A041C9U9;A0A0F7QAE3;A0A039QAY6;A0A047EYW6;A0A1Q1TPH8;A0A047T6Y3;A0A041HZT8;A0A055G3N4;A0A044R6H5;A0A052QRB7;A0A046CM29;A0A071UZ92;A0A1R3Y0H2;A0A042NDQ3;A0A055AJ22;A0A055BRB1;A0A055EAT4;A0A051XH60;A0A041KVI2;A0A058IFJ5;A0A048Y5C7;A0A038YN27;A0A055K2P9;A0A056X8U0;M1ILY0;A0A055KPH7;A0A052JR99;A0A041VH65;A0A050Q2S0;H8HMY0;A0A045FCZ0;A0A045GVP7;A0A056B2Z5;A0A058L6Y1;A0A041E919;A0A057S8M4;A0A058FT35;A0A041GLE8;A0A1Q1T2P2;L7N553;A0A038S3N1;A0A053F978;A0A047LKI2;A0A048C579;A0A053DXH6;A0A049BI31;A0A047MGX9;A0A052K440;A0A047N9L1;A0A040F5E6;A0A056NXF2;A0A057XD53;A0A042DUX1;A0A071ZL90;A0A053T5W0;A0A051GMM4;A0A044XQ56;A0A071S6L9;A0A049QV01;A0A041V3L9;A0A057YAL3;A0A040ZA04;A0A055SJ24;A0A051SX89;A0A051DMG8;A0A042MGE1;A0A039N0S0;A0A071WVC0;A0A039ETS5;A0A044L1V1;A0A049IAP3;A0A045ZAQ0;A0A054LEV8;A0A042W3P1;A0A045LLP9;A0A050K4E1;A0A071Y7Z4;A0A054KLP2;A0A039DG18;A0A052WMG1;A0A048U310;A0A054G3N6;A0A050MSD9;A0A046GTA9;A0A056WGI8;A0A053F414;A0A046JBY7;A0A056PXD1;A0A042QQL7;A0A050VH39;A0A058DJ86;A0A045PC81;A1KKL1;A0A039FNS6;A0A047B4K5;A0A041VPT5;A0A046I8F5;A0A053M031;A0A057RF39;A0A042WJJ9;A0A053JKI4;A0A048USD5;A0A053SKA8;A0A057Q3K3;A0A047VYN2;A0A053XU53;A0A040VE82;A0A1Q1Y5T3;A0A039U825;A0A050ICI4;A0A056IY45;A0A040VK87;A0A050NFH0;A0A044FM36;A0A071U8W6;A0A050SSF1;A0A038LAG4;A0A050LS45;A0A049S927;L0Q8F3;F2V2D9;T5H5U6;A0A038ZWS1;A0A046YE01;A0A038PKC1;A0A1Q2B1C0;O53504;A0A047V8A9;A0A071VVT6;A0A056HV85;A0A055S487;A0A042V9J1;A0A057R2Z4;A0A041Y2Z1;A0A042G735;A0A039W785;A0A052VGG5;A0A053GCJ6;A0A038MC91;A0A053N002;A0A039PW43;A0A040UM64;A0A052Q1J4;A0A055ZA16;A0AAW8I7F1;A0A052DC90;A0A048KSP8;A0A050HAD8;A0A056SSP4;A0A044QNL2;A0A048EYC2;A0A048PF11;A0A057A1W5;A0A039PGJ1;A0A041P509;A0A049UPK5;A0A041LRH4;A0A057AEW1;A0A038F9F6;A0A057K0A3;A0A044R906;A0A052FH32;A0A049SW31;A0A052EV30;A0A040AEL9;A0A043AIN7;A0A051RMY0;A0A042K0S7;A0A043GFB2;A0A048G5L3;A0A057BIL3;A0A058JCJ6;A0A042REA9;A0A038LSL9;A0A042N1B8;A0A046PTX0;A0A049YA42;A0A040WDR1;A0A055DM38;A0A046CHU8;A0A045ZX40;A0A044K237;A0A047F194;A0A052LGE0;A0A050WZH8;A0A043V0T3;A0A042NF18;A0A053A8U2;A0A042I2M3;A0A050FLI2;A0A058EH06;A0A1Q1YGY6;A0A052Y7M7;A0A051D4I9;A0A055G3U6;A0A058A886;A0A048D3S8;A0A056U6S9;A0A049ENX9;A0A047TP81;A0A043ING6;A0A057UES1;A0A048HIZ0;A0A053FKM7;A0A041E5M4;A0A049ZCL4;A0A048LXW9;A0A048U4Q9;A0A047PJ04;A0A052UKU8;G2UW21;A0A040JFS9;A0A052XIF9;A0A053KRM1;A0A050MNB4;A0A048J942;A0A040G0N0;A0A054LC32;A0A040INN5;A0A1Q1R5I3;A0A049J995;A0A048JVI1;A0A053Y8U9;A0A051ULS8;A0A055ZZD5;A0A079KIK2;A0A047MMV4;A0A049TF45;A0A051QGD0;A0A054DWY1;A0A054G0M8;A0A057EQC6;A0A041U9Z9;A0A057TUH1;A0A071WGS5;A0A046KPN0;A0A046VWY2;A0A052UJP3;A0AB74LLQ8;A0A048TEX3;A0A045PMX6;A0A040Z647;A0A047TNB6;A0A051TA46;A0A042XUK0;A0A048Q3A7;A0A1Q1VXR5;A0A043N5N0;A0A052RZW5;A0A041TBD8;D5Z536;E1HAY0;A0A055XW19;A0A043BDE9;A0A047WU23;A0A056NN66;A0A050R2R2;A0A046NZF3;A0A058JGD1;I1SDT6;A0A045UFR9;A0A049DQD7;A0A051B7X4;A0A052BNT0;A0A044L453;A0A043P191;A0A049HR98;A0A058PDT7;A0A501P196;A0A1Q1SF18;A0A050PKG3;A0A052U510;A0A042TRR1;A0A049RUS7;A0A055IDK6;A0A053HSI7;A0A039E085;A0A054DH19;A0A038QI04;A0A047KJU4;A0A071S6K0;A0A043HJV7;A0A055AAE8;A0A052TEI6;A0A058CX54;A0A048FH63;A0A048YFH2;A0A055WNQ0;A0A071XVG0;A0A058H5T7;A0A049BP83;A0A038S158;A0A043F157;A0A049GRN7;A0A057FB07;A0A055SZ01;A0A046XUR6;A0A1Q1UBN6;A0A050WJ76;A0A048Q5B6;A0A051ZUC4;A0A047S8L4;A0A048GE27;A0A050B7J7;A0A056N1L4;A0A042JQB6;A0A039M1I0;A0A039UBZ9;A0A050S964;A0A053SNM3;A0A055LE81;A0A050GGU7;A0A7U4DAX7;A0A056YNI0;A0A055TX58;A0A048V4V8;A0A056JLK1;A0A053RFP6;A0A058HZW7;A0A045RPA0;A0A047QSC3;A0A071UEX5;A0AAC8LJD5;A0A055W020;A0A057S1B2;A0A1Q1XUY6;A0A055ZMW0;A0A048QJB1;A0A047LW80;A0A039V2Q2;A0A045I470;A0A049NQ91;A0A040PR44;A0A051FJH3;A0A051F8W9;A0A056QG55;A0A041B686;A0A055J1E2;A0A8D9ZWU8;A0A056MGM8;A0A071YIA1;A0A047SWQ7;A0A040F9T3;A0A054M3S3;A0A039YRC1;A0A039CQA3;A0A047FFB5;A0A054X950;A0A056CW35;A0A038ZLX3;A0A040LKQ4;Q7D7F4;A0A039TDH0;A0A042Q3L7;A0A046JNS2;A0A057GBM6;A0A041FX29;A0A044VZP8;A0A053C718;A0A056H2K8;A0A058Q5E1;A0A071R2U9;A0A055C8X2;A0A039ANX5;A0A044KP90;A0A1Q1WKB9;A0A049E4G4;A0A049TQF9;A0A054PUA7;A0A043F8T4;A0A047C2R2;A0A054GZ47;A0A040SDJ7;A0A045Y593;A0A054DIF4;A0A051YYE8;A0A051X687;A0A051LF22;A0A053NLZ7;A0A042W9M6;A0A043C3N9;A0A055XAU2;A0A056E6J4;A0A7U4J2Q0;A0A048P7S6;A0A039RZQ5;A0A054KHM0;A0A045AZX1;A0A071VQR3;A0A042ISD8;A0A049UBL7;A0A045LMQ4;A0A054MHP8;A0A050QIN5;A0A043G0Y4;A0A045A4B4;A0A046E641;A0A045B7J4;A0A039ZD81;A0A053S293;A0A047JBY2;A0A039MS13;A0A043Y2X6;A0A042BI76;A0A054QF12;A0A041QDV8;A0A055WWW5;A0A041S5J3;A0A054SBD8;A0A058N765;A0A1S1BBE7;A0A038VCZ5;A0A051MY15;A0AAU0Q0K4;A0A043GS51;A0A049PII6;A0A039NJP3;A0A042WQ22;A0A053C0Y9;A0A4U7MHT1;A0A051R1X1;A0A054UHG5;A0A049END3;A0A043QSX9;A0A048KE94;A0A048F051;A0A055JDC1;A0A039SDV3;A0A053X639;A0A0B6TCC5;A0A055Q7Q4;A0A056RPH4;G7QYP2;A0A058LKE8;A0A051GKI1;A0A053S7W0;A0A047CNY9;A0A041A3B2;A0A043RQG0;A0A041FH90;A0A050XZQ8;A0A054AYZ3;A0A054ZNT6;A0A051A7Y0;A0A045GGX1;A0A048SE14;A0A054R2W9;Q7TYY9;A0A041NHG4;A0A045SQM7;A0A038RRC4;A0A041SFI5;A0A046HZ24;A0A055QTY0;A0A7U4JXM4;G2N6M8;A0A056JNB3;A0A039DIT7;A0A048MPC3;A0A044C6C2;A0A043PQW0;A0A042SJS2;A0A055TJI1;A0A049BAQ1;A0A045PYP9;A0A044VTR4;A0A1Q1QUE2;A0A044CR73;A0A054HX97;A0A050CYL1;A0A046TFW2;A0A040I3W7;A0A041DBP7;A0A046H517;A0A051VFM3;A0A048YL31;A0A058RBG3;A0A039JE59;A0A046TWU9;A0A056TJZ2;A0A042F354;A0A046MBR6;A0A042FBF9;A0A042AEY3;A0A040NUC4;E2UB41;A0A055S0Z6;A0A056LLG8;A0A054CV45;A0A051J1Z4;A0A043K2P3;A0A045CBM1;A0A051NSW9;A0A042ATI0;A0A050FRG9;A0A041RLD5;A0A056R0F7;A0A040RNV2;A0A053U919;A0A054XYW7;A0A056UJP3;A0A050KE76;A0A056VUF2;A0A041W189;A0A047KDF0;A0A046WGB4;A0A052G5N1;A0A057K1J2;I6Y008;A0A049XZB5;A0A047XM23;A0A056XV52;A0A051UZN7;A0A042LE17;A0A052QLW6;A0A047UMN0;A0A039NUS3;A0A039XAK8;A0A058CYR7;A0A045N1A6;A0A055QEP7;A0A071XA05;A0A072BEC1;A0A071Q3G4;A0A054WI99;A0A049RCE9;A0A197IVB5;A0A044DHV5;A0A056QI24;A0A045VQ16;A0A050NM77;A0A042UFH0;A0A057M5R9;A0A054NBZ1;A0A046QUX5;A0A050DPV1;A0A040YVP3;A0A1Q1UN00;A0A053TKC6;A0A049IUU9;A0A045S112;A0A045T438;A0A056VH29;A0A047YLG8;A0A060GMB8;A0A054U3G0;A0A041HSL1;A0A042CTM7;A0A053TV85;A0A1Q1Z4M5;A0A052MM27;A0A045DP78;A0A053H1X3;A0A058MS89;D5YRX6;A0A058S222;A0A049QF71;A0A049W5N9;A0A1Q1X7B0;A0A047G903;A0A049F3U9;A0A050I9Z3;A0A045JCF9;A0A052PGB5;A0A039PV33;A0A1Q1UZ98;A0A053KXS3;A0A057QF52;A0A044TJN9;A0A0E0YQM8;A0A050UMT5;A0A057YZN0;A0A048UJC2;D5YGZ9;A0A041R5D9;A0A806JM04;A0A040QUN4;A0A046MQ33;A0A046QQ92;A0A055YNQ8;A0A039GQE4;A0A039X0S3;A0A071QE69;A0A043DHY6;A0A049WXL9;A0A044GH29;A0A054PC70;A0A055BV48;A0A071V7Z3;A0A049MP35;A0A051WRD8;A0A1Q1SQY3;A0A050WFQ0;A0A049D115;A0A055JYV0;A0A044AQ54;A0A055N7C3;A0A071RWK1;A0A8S7LM14;A0A044S045;A0A050PXL6;A0A052GRN2;A0A058K414;L0QJR3;A0A053YMZ4;A0A039V305;G0TMU0;A0A042M578;A0A049JIP2;A0A057JEL5;A0A046XU20;A0A040M8R9;A0A050M8J0;A0A053CSW9;A0A046TVL0;A0A050UEB8;A0A047ZYA3;A0A057I8V1;A5U4J7;A0A051XQZ3,131567,cellular organisms,Unresolved,Unresolved,True,False,False,False,7725A5E39F88D9C1,0.997768819,0.98311585187912,34
1714,5F1B7ABE7B072C81,2564,UniProtKB/Swiss-Prot (reviewed representative),UPI00028D845F,K3VA96;K3VA96,101028,Fusarium pseudograminearum,Eukaryota,Ascomycota,True,True,True,False,5F1B7ABE7B072C81,-0.001725083,0.9830288290977478,35
3174,4E19AC4AC18E0AF5,318,UniProtKB/Swiss-Prot (reviewed representative),UPI00005CF6BA,A4Y589;A1RLI0;A0ABX8XF72;A2V1N7;A0A8G0TZC1;A4Y589;A1RLI0;A0A811SZF6;Q2WYU6;E6XRX0;Q2ZWY9,22,Shewanella,Bacteria,Pseudomonadota,True,True,True,False,4E19AC4AC18E0AF5,0.99673003,0.9823693633079528,36
2862,4E19AC4AC18E0AF5,318,UniProtKB/Swiss-Prot (reviewed representative),UPI00005CF6BA,A4Y589;A1RLI0;A0ABX8XF72;A2V1N7;A0A8G0TZC1;A4Y589;A1RLI0;A0A811SZF6;Q2WYU6;E6XRX0;Q2ZWY9,22,Shewanella,Bacteria,Pseudomonadota,True,True,True,False,4E19AC4AC18E0AF5,0.99673003,0.9823693633079528,36
94,F4A6EC728782E18A,4011,UniProtKB/Swiss-Prot (reviewed representative),UPI00022A91D3,G2Q9A5;G2Q9A5,573729,Thermothelomyces thermophilus (strain ATCC 42464 / BCRC 31852 / DSM 1799),Eukaryota,Ascomycota,True,True,True,False,F4A6EC728782E18A,-0.004142596,0.9819255471229552,37
8940,7ADFF5AA3F6BFB1A,292,UniProtKB/TrEMBL (unreviewed representative),UPI00019F0D34,C2AKW5;D5UXA4;D5UXA4,2061,Tsukamurella paurometabola,Bacteria,Actinomycetota,True,False,False,False,7ADFF5AA3F6BFB1A,-0.000188055,0.9816734194755554,38
2839,54D6837FBF8E0016,375,UniProtKB/Swiss-Prot (reviewed representative),UPI0000EAFAD2,A1KCN1;A1KCN1,418699,Azoarcus sp. (strain BH72),Bacteria,Pseudomonadota,False,True,False,False,54D6837FBF8E0016,0.360612869,0.9813489317893982,39
4999,02FCC398ACBB7C9D,216,UniProtKB/TrEMBL (unreviewed representative),UPI00000009A6,S3LFE3;H6LNX0;I0N966;E9RJ84;L2HK88;I0NWG7;B2IQC4;I0NQQ6;S4VCJ8;A0A7U4AY79;S7XJE1;B1IBV4;A0A5C1K4Z8;A0A1I4I6R8;A0A1U7PGU9;A0A8F5PHX4;L2GY28;L8AS81;B8ZK80;Q7BMF7;R0N9J4;E0TN03;P00485;H7KT25;H7L961;G6NU19;H7MV49;G6PTE1;A8VHS9;A0A0U4LFW2;G6NKU5;S4VCK1;B6ZCC8;A0A0D6X503;A0A087ERC8;A0A0X8UV08;S4VFA7;G6N4V3;A0A7L6BH43;A0A218MJL7;G6SLV2;H7LF97;H0AG01;A0A7D6MN66;G6P5D9,28384,other sequences,Unresolved,Unresolved,True,True,True,False,02FCC398ACBB7C9D,0.995960057,0.9804720282554626,40
6846,A98E9D2C0CA5AC28,375,UniProtKB/Swiss-Prot (reviewed representative),UPI000048FB4F,Q5P4R1;Q5P4R1,206389,Rhodocyclales,Bacteria,Pseudomonadota,True,True,True,False,A98E9D2C0CA5AC28,0.852239966,0.9803923964500428,41
3931,F9C552AEC8534F25,393,UniProtKB/Swiss-Prot (reviewed representative),UPI00017195D7,B2AGC8;B2AGC8,164546,Cupriavidus taiwanensis,Bacteria,Pseudomonadota,False,True,False,False,F9C552AEC8534F25,0.308628857,0.9801968932151794,42
1231,3E263C74A3A52B5D,2605,UniProtKB/Swiss-Prot (reviewed representative),UPI000F0C1AC9,A0A3G1DJH7;A0A3G1DJH7,1828523,Phoma sp. (strain ATCC 20986 / MF5453),Eukaryota,Ascomycota,True,True,True,False,3E263C74A3A52B5D,-0.004081677,0.978526771068573,43
4701,DC26C7A6D7B5C560,226,UniProtKB/Swiss-Prot (reviewed representative),UPI00018C23DC,C5CP20;B7YNI2;C5CP20,34073,Variovorax paradoxus,Bacteria,Pseudomonadota,False,True,False,False,DC26C7A6D7B5C560,0.83626157,0.9780454039573668,44
583,D3E04435030E5CAD,4007,UniProtKB/Swiss-Prot (reviewed representative),UPI0000F51CF3,Q4WAZ9;Q4WAZ9,330879,Aspergillus fumigatus (strain ATCC MYA-4609 / CBS 101355 / FGSC A1100 / Af293),Eukaryota,Ascomycota,True,True,True,False,D3E04435030E5CAD,-0.004750265,0.9779056906700134,45
6090,350B49A02511681F,399,UniProtKB/Swiss-Prot (reviewed representative),UPI00004C88AC,Q2P3Z2;Q5H124;A0A7T4SPA2;A0ACG7R4V1;A0A0J9WX68;A0A2K1NJ05;A0A365SBF8;Q5H124;A0A1S6PJG6;Q2P3Z2;B2SNA1,347,Xanthomonas oryzae,Bacteria,Pseudomonadota,False,True,False,False,350B49A02511681F,0.032323122,0.9769544005393982,46
6746,350B49A02511681F,399,UniProtKB/Swiss-Prot (reviewed representative),UPI00004C88AC,Q2P3Z2;Q5H124;A0A7T4SPA2;A0ACG7R4V1;A0A0J9WX68;A0A2K1NJ05;A0A365SBF8;Q5H124;A0A1S6PJG6;Q2P3Z2;B2SNA1,347,Xanthomonas oryzae,Bacteria,Pseudomonadota,False,True,False,False,350B49A02511681F,0.032323122,0.9769544005393982,46
8143,E99AD8C33B45EBE2,5369,UniProtKB/Swiss-Prot (reviewed representative),UPI000011020A,Q9R9J0;Q9R9J0,1423,Bacillus subtilis,Bacteria,Bacillota,True,True,True,False,E99AD8C33B45EBE2,0.087339103,0.9761930108070374,47
1852,54C10F5F6990F6FD,290,UniProtKB/Swiss-Prot (reviewed representative),UPI00001260D2,P50293;A0A1U7Q2H3,10035,Mesocricetus,Eukaryota,Chordata,False,True,False,False,54C10F5F6990F6FD,0.995466888,0.976186454296112,48
2717,9D04FC9722B78DF0,317,UniProtKB/TrEMBL (unreviewed representative),UPI0000E68D72,A0A0G3C6Y6;A0KFJ6;A0A0S3BNX9;A0A9E8VSL8;A0A454GAF7;A0A7U4RVE1;A0A1U6Y4R7;R4V8N1;A0A023S1Y2;A0KFJ6;X5HU89;A0A2R4U0D0;A0A1X4ISI8;A0A346ZYK9,642,Aeromonas,Bacteria,Pseudomonadota,True,True,True,False,9D04FC9722B78DF0,0.994957626,0.9756880402565002,49
3119,1BC70254F7EFA6C9,316,UniProtKB/Swiss-Prot (reviewed representative),UPI00015021DC,A4TLS3;A0A0K0Z4I2;A0AAN0U0K0;A0A0K1ANX7;A0A0K1CIU5;A0A0B6QH08;A4TLS3;A0A0K1B3I3;A0A2T9RK20;A0A0L0EED2;A0A1Y2RX24;A0A0K1BKJ9;A0A0L0DZJ5;A0A0B6G6R0;A0A0K1BY04,632,Yersinia pestis,Bacteria,Pseudomonadota,True,True,True,False,1BC70254F7EFA6C9,0.04555114,0.9754881262779236,50
4951,CBB74AE4DF08F63C,499,UniProtKB/TrEMBL (unreviewed representative),UPI00000B5D8B,M9XXL0;O52196;O52196;C1DP88;M9YGI6;A0A1K2BSU5,352,Azotobacter,Bacteria,Pseudomonadota,False,True,False,False,CBB74AE4DF08F63C,0.994556129,0.9752058386802672,51
5432,002F93B8CE52870B,210,UniProtKB/TrEMBL (unreviewed representative),UPI000012508A,A0A097M175;A0QPK9;I7G383;A0A0C4NAN3;A0A097LH83;P94968;A0A653FJU2;P94968,1762,Mycobacteriaceae,Bacteria,Actinomycetota,False,True,False,False,002F93B8CE52870B,0.848333776,0.974850594997406,52
2192,4CD5C02C4D322E2B,3930,UniProtKB/Swiss-Prot (reviewed representative),UPI00002358B0,Q5ATG8;Q5ATG8;C8VEB3,227321,Emericella nidulans (strain FGSC A4 / ATCC 38163 / CBS 112.46 / NRRL 194 / M139),Eukaryota,Ascomycota,True,True,True,False,4CD5C02C4D322E2B,-0.00629089,0.9747411608695984,53
1035,9821218EFF8E8AD8,173,UniProtKB/TrEMBL (unreviewed representative),UPI00000C36DD,J1WKL0;K2VWE5;G6Z0W6;K2TVT2;Z7LIZ9;C2IG44;M0PT53;L7DQQ5;M7LWS4;J1WTI4;A6A028;C3NZ11;A0A0K9UVV2;L1S268;F9BLA4;A0A0P0GH24;K2XFG5;M7HK27;J1CL26;A0A081IT42;A0A4S3QQX9;L1U6B0;J1VRP7;K5LQX2;K5K6G9;H8K1Z8;L8QW72;G7C1Z1;F8ZQM9;K2WXZ2;C6YGR9;M7FHA1;M7IJ71;A0A0H3AFB6;A0A0K9U1I8;C3LWL1;L8T4C4;A0A0L1Q1Z0;Q9KL03;J2A3S9;M7I487;M7L3S7;A1F3M9;K5SIX6;F9CCZ4;A6XQP3;K5NZZ0;A0A0K9TWK9;A0A366ASF6;G7B293;K5LLI7;K5U4S0;K5KRK4;A0A2L2MBX3;A0A0K9UDV6;K5MMR6;K5M511;A0A211I7S6;F9BFU0;M7GQQ1;A0A0L1PF96;K2THP8;L1S1W4;F9AN25;M7HTH9;G7BCQ6;A0A171JSN8;J1WXC5;K5N984;A2PRH4;J1E832;K2USE9;L1UW67;Q9KL03;A0A0L1PKU2;A3GW00;F8YTW5;M7G866;F9AWK6;L1QV55;A0A6M4W613;M7LCN8;K5PSH1;C2C837;K5M1J8;G6ZMG4;A0A7U8WRN8;L8SAJ5;A0A366A3C7;J1VX49;K5LWZ0;J1NZU4;A0A0K9UUG9;K5Q2M0;J1M2D4;A0A124JEV8;D7HBJ8;F9A5L8;J1ZR64;L1T1F0;F8ZGG5;L8R8G7;L8TGM0;A3EHF0;C2I8L8;D0HNS4;K2UC37;M7IEM6;A0A0H3Q2W2;A3E974;J1M535;K2WZC5;A0A071LKC9;A0A6M4VUU3;K2WIT8;K5T4Y7;L8STD6;U7E9U1;K5R2U6;L1UU95;K7RXV9;K2UUV9;K5SKD9;G7AIN2;J1ZCT2;A0A220TDL7;A0A0E2Y7X9;C2ISZ4;A3GN44;G6ZJY5;L1SYB1;D0H7G6;L1UC30;M7LDC1;K2VRB9;K5T4A8;M7HFH8;A0A2U0RS95;A0AAU8WPQ7;A0A6A2X1H9;M7GFY2;F9BY89;L8QKS5;M7FD60;K5S3N8;F8Z4F8;A0AAQ0G4T1;A1EJF9;G6ZXU8;L8RCV3;M7K869;M7J065;M7KDN0;A0A016XBC7;A0A0X1L102;A0A171JHX9;G7BIT9;F2IT42;K5LB66;C6S1E7;J1Z705;M7L7P3;A0A0F2LJ01;M7J0N2;G7ACS1;G7BRA1;K5RTS1;M7JZ45;K2W9X8;L1S0J1;G7TY22;A5F0W4;M7HZT6;J1EPM0;K5SKU5;L8SIL0;C2JB23;A0ABD7FX39;A0A068PE82;D7HNN3;J1XU47;L1TKA5;A2PBW8;K5MLY5;J1MSL4;K2WTB8;L8RTP5;M7LIL9,3379134,Pseudomonadati,Bacteria,Unresolved,False,True,False,False,9821218EFF8E8AD8,0.997166574,0.9739858508110046,54
7918,3E58E705F615EC39,368,UniProtKB/TrEMBL (unreviewed representative),UPI00000CC2B3,E3YWF2;A0A476UY54;A0ACH1DAW3;A0A2X1SY82;Q92E58;A0A6Z6S9Q7;A0A458VBW7;Q92E58,131567,cellular organisms,Unresolved,Unresolved,True,True,True,False,3E58E705F615EC39,0.738299251,0.973027765750885,55
1721,5B02176572779AB3,3974,UniProtKB/Swiss-Prot (reviewed representative),UPI0002B7AE5D,M2YKT6;M2YKT6,675120,Dothistroma septosporum (strain NZE10 / CBS 128990),Eukaryota,Ascomycota,True,True,True,False,5B02176572779AB3,-0.00471971,0.9728403687477112,56
4689,65472087189C6D0B,309,UniProtKB/Swiss-Prot (reviewed representative),UPI000162ADBB,C5BF07;A9YRV9;C5BF07,67780,Edwardsiella ictaluri,Bacteria,Pseudomonadota,True,True,True,False,65472087189C6D0B,0.996015489,0.9724618196487428,57
68,1199AAFDC0D969CD,374,UniProtKB/Swiss-Prot (reviewed representative),UPI0001C49702,D2Z028;D2Z028,1914,Streptomyces lavendulae,Bacteria,Actinomycetota,False,True,False,False,1199AAFDC0D969CD,0.997246182,0.9722298383712769,58
1152,E1E3CAB6E99C85F0,4037,UniProtKB/Swiss-Prot (reviewed representative),UPI0004F7E367,A0A089FSA4;A0A089FSA4,1547289,Fungal sp. (strain NRRL 50135),Eukaryota,Fungi,True,True,True,False,E1E3CAB6E99C85F0,-0.005240365,0.9720848202705384,59
1949,D9C9277C4CC84F42,2438,UniProtKB/Swiss-Prot (reviewed representative),UPI0000E2DB2D,Q0C9L7;Q0C9L7,33178,Aspergillus terreus,Eukaryota,Ascomycota,True,True,True,False,D9C9277C4CC84F42,-0.00599831,0.9713537096977234,60
8934,815EB6B3236F458F,308,UniProtKB/TrEMBL (unreviewed representative),UPI00019B8B6F,C0UJA3;D0L3V5;D0L3V5,2054,Gordonia bronchialis,Bacteria,Actinomycetota,False,False,False,False,815EB6B3236F458F,0.160644054,0.9711495041847228,61
8975,0193F74556B1EBE7,177,UniProtKB/TrEMBL (unreviewed representative),UPI00000605E3,A0A6H0H405;A0A7G5CHL1;A0A060J4N3;A0A7G9P7C5;O64026;M1UMZ4;A0AAU8V5C8;A0A3E1U0K0;A0A164XGI9;A0A0A1LYQ0;A0A060J2S1;A0A0A7GNS1;A0A7Z2C9F0;A0A0M0HI10;A0AAP5FM16;A0AAX1ERE9;M2W4J9;A0A0A1SUL7;A0AAE3WUF7;O31995;O31995;A0A6M3ZDI5;A0A7H0X9H1;A0AAE2SLN4,186817,Bacillaceae,Bacteria,Bacillota,False,True,False,False,0193F74556B1EBE7,0.997843155,0.9709153771400452,62
5193,FA7AB26572AD7EC0,209,UniProtKB/Swiss-Prot (reviewed representative),UPI0000127042,P36883,1280,Staphylococcus aureus,Bacteria,Bacillota,True,True,True,False,FA7AB26572AD7EC0,0.995585024,0.9704790115356444,63
1183,38D289BA42FFEFB3,2625,UniProtKB/Swiss-Prot (reviewed representative),UPI0007238A42,A0A0S6XH49;A0A0S6XH49,1603295,Dothideomycetidae sp. (strain 11243),Eukaryota,Ascomycota,True,True,True,False,38D289BA42FFEFB3,-0.003137284,0.970474898815155,64
1457,16BFAE61F129FD96,451,UniProtKB/Swiss-Prot (reviewed representative),UPI0001650DC0,B0TZM4;B0TZM4;A0A0B6CUQ0,28110,Francisella philomiragia,Bacteria,Pseudomonadota,False,True,False,False,16BFAE61F129FD96,0.003528123,0.969845712184906,65
6474,DEE47D39E5010A57,224,UniProtKB/Swiss-Prot (reviewed representative),UPI00014FE0EC,Q4A729,2109,Mycoplasmopsis synoviae,Bacteria,Mycoplasmatota,False,False,False,False,DEE47D39E5010A57,0.994464815,0.9696635603904724,66
1854,AB6477F3DA3B0A9E,290,UniProtKB/Swiss-Prot (reviewed representative),UPI0000001589,P50296;Q546K5,32630,synthetic construct,Unresolved,Unresolved,False,True,False,False,AB6477F3DA3B0A9E,0.996731818,0.9696505665779114,67
4169,D3805A86E144758A,389,UniProtKB/Swiss-Prot (reviewed representative),UPI00017F6DD9,B5ELF7;B7J3Y7;A0A2W1K7D0;B5ELF7;B7J3Y7,3379134,Pseudomonadati,Bacteria,Unresolved,True,True,True,False,D3805A86E144758A,0.212522686,0.969577431678772,68
4310,D3805A86E144758A,389,UniProtKB/Swiss-Prot (reviewed representative),UPI00017F6DD9,B5ELF7;B7J3Y7;A0A2W1K7D0;B5ELF7;B7J3Y7,3379134,Pseudomonadati,Bacteria,Unresolved,True,True,True,False,D3805A86E144758A,0.212522686,0.969577431678772,68
1202,2DDD4445E9C160F8,2429,UniProtKB/Swiss-Prot (reviewed representative),UPI000924E015,A0A1L9WQM9;A0A1L9WQM9,690307,Aspergillus aculeatus (strain ATCC 16872 / CBS 172.66 / WB 5094),Eukaryota,Ascomycota,True,True,True,False,2DDD4445E9C160F8,-0.005006844,0.9691458344459534,69
4775,6DAD756562DD1DC5,190,UniProtKB/Swiss-Prot (reviewed representative),UPI0002374977,D4GM10;G9AWZ6;A0A221N8U9;A0A0X8EMX1;F2EP14;A0ACE3JL27;A0A0K9SC67,53335,Pantoea,Bacteria,Pseudomonadota,False,False,False,False,6DAD756562DD1DC5,0.997323334,0.968906819820404,70
4827,6DAD756562DD1DC5,190,UniProtKB/Swiss-Prot (reviewed representative),UPI0002374977,D4GM10;G9AWZ6;A0A221N8U9;A0A0X8EMX1;F2EP14;A0ACE3JL27;A0A0K9SC67,53335,Pantoea,Bacteria,Pseudomonadota,False,False,False,False,6DAD756562DD1DC5,0.997323334,0.968906819820404,70
1174,525B68B8784CC171,370,UniProtKB/TrEMBL (unreviewed representative),UPI000469154F,A0A240CX05;A0A0I9RJ56;A0A077BLD4;A0A0I9RJ56;A0A7T3Y659,40324,Stenotrophomonas maltophilia,Bacteria,Pseudomonadota,True,True,True,False,525B68B8784CC171,0.029420294,0.9685212969779968,71
3436,B92E99E52B03A6DA,301,UniProtKB/TrEMBL (unreviewed representative),UPI00006BD0DA,A0AAQ1EHC1;Q2E9Q1;A7GVF0;A0A255LTU4;A0A2S1AG54;A0A0J8FM92;A7GVF0;A0A1D3RCX8,86661,Bacillus cereus group,Bacteria,Bacillota,False,True,False,False,B92E99E52B03A6DA,0.995719254,0.9679493308067322,72
3535,B194A1577E3DF20B,309,UniProtKB/TrEMBL (unreviewed representative),UPI00015C6021,A0A1F2JK38;A0A377VQA4;A0AAP4HXW9;A8ANC0;A0A078LMN5;A0A4P8NXQ0;A0AAW7F3L7;A8ANC0,543,Enterobacteriaceae,Bacteria,Pseudomonadota,True,True,True,False,B194A1577E3DF20B,0.995982587,0.9676144123077391,73
7305,297359D62912BAFA,207,UniProtKB/TrEMBL (unreviewed representative),UPI00001D3741,A0A329V9Y8;Q7N3D3;A0A6L9JHV8;Q7N3D3,29487,Photorhabdus,Bacteria,Pseudomonadota,False,True,False,False,297359D62912BAFA,0.995929301,0.9673667550086976,74
1190,A638E44C0E2D32D6,2332,UniProtKB/Swiss-Prot (reviewed representative),UPI0007E2906F,A0A179H0J7;A0A179H0J7,33203,Purpureocillium lilacinum,Eukaryota,Ascomycota,True,True,True,False,A638E44C0E2D32D6,-0.004149816,0.9673014283180236,75
1249,8F2739450F49405A,2510,UniProtKB/Swiss-Prot (reviewed representative),UPI00159A0B5C,A0A6S5ZY48;A0A6S5ZY48,29916,Fusarium sp.,Eukaryota,Ascomycota,True,True,True,False,8F2739450F49405A,0.000661536,0.9670718312263488,76
2690,15489A3699B6B0B0,2473,UniProtKB/Swiss-Prot (reviewed representative),UPI00143FEE7B,A0A6F8RNP4;A0A6F8RNP4,5081,Penicillium sp.,Eukaryota,Ascomycota,True,True,True,False,15489A3699B6B0B0,-0.005844539,0.9670342206954956,77
7533,0F169C69C79777BB,2603,UniProtKB/Swiss-Prot (reviewed representative),UPI000005F60A,Q86ZD9;Q86ZD9,86977,Phoma sp. (strain C2932),Eukaryota,Ascomycota,True,True,True,False,0F169C69C79777BB,-0.00341986,0.966880977153778,78
1704,F23B2B3301E70356,2642,UniProtKB/TrEMBL (unreviewed representative),UPI00021F1E2E,A0A098DD60;I1S166;I1S166,5518,Gibberella zeae,Eukaryota,Ascomycota,True,True,True,False,F23B2B3301E70356,-0.005325043,0.966746151447296,79
1541,14CF3D59F3145046,3907,UniProtKB/Swiss-Prot (reviewed representative),UPI0001838201,B6F209;B6F209,5062,Aspergillus oryzae,Eukaryota,Ascomycota,True,True,True,False,14CF3D59F3145046,-0.004461022,0.966741979122162,80
230,2B0DD39E8D029DB9,4036,UniProtKB/Swiss-Prot (reviewed representative),UPI001B2FE2C6,P0DO30,1735992,Neonectria sp. (strain DH2),Eukaryota,Ascomycota,True,True,True,False,2B0DD39E8D029DB9,-0.00511134,0.9666536450386048,81
9048,CBED93184E5F137C,290,UniProtKB/Swiss-Prot (reviewed representative),UPI00001260CC,P13913,9031,Gallus gallus,Eukaryota,Chordata,False,True,False,False,CBED93184E5F137C,0.997147501,0.9665701985359192,82
1145,983533C58D311E9D,3916,UniProtKB/Swiss-Prot (reviewed representative),UPI00035154D6,S0EEY3;A0A0I9ZWG8;S0EEY3,5127,Fusarium fujikuroi,Eukaryota,Ascomycota,True,True,True,False,983533C58D311E9D,-0.004624972,0.96652489900589,83
7778,FB34B62FCA23A4D5,400,UniProtKB/TrEMBL (unreviewed representative),UPI00000D811C,A0A7S6YTR8;A0AB73MV28;H8FGR5;A0A8F9QW49;M4W1Z4;A0A1T1NIK0;A0A1T1Q399;Q8PK44;A0A098K8I8;A0A0D5R888;A0A9X9IAQ0;Q8PK44;A0A1T1S2K6;A0A0D5PE41;A0A0U5BTK0,338,Xanthomonas,Bacteria,Pseudomonadota,False,True,False,False,FB34B62FCA23A4D5,0.028593265,0.9664745926856996,84
5411,A28C75F260EF8BA3,519,UniProtKB/Swiss-Prot (reviewed representative),UPI000012E7A4,P74055;H0PN42;H0P5Q8;A0A0N7IIS9;P74055;F7UQ92;M1M1L9;A0A8F1D9G3;H0P940,1783272,Bacillati,Bacteria,Unresolved,True,True,True,False,A28C75F260EF8BA3,0.990487814,0.9662535786628724,85
1223,F44F3AE8CF8389F2,3970,UniProtKB/Swiss-Prot (reviewed representative),UPI000DBAF015,A0A2Z5TM64;A0A2Z5TM64,34381,Aspergillus japonicus,Eukaryota,Ascomycota,True,True,True,False,F44F3AE8CF8389F2,-0.005230566,0.9662196040153505,86
1662,43CF5D9695EFE055,2457,UniProtKB/Swiss-Prot (reviewed representative),UPI0001DD388F,D9N1A1;D9N1A1,5599,Alternaria alternata,Eukaryota,Ascomycota,True,True,True,False,43CF5D9695EFE055,-0.004091239,0.9658560752868652,87
4246,9D193CEDC689065A,312,UniProtKB/Swiss-Prot (reviewed representative),UPI000181A1D1,B6EKK3;B6EKK3,40269,Aliivibrio salmonicida,Bacteria,Pseudomonadota,True,True,True,False,9D193CEDC689065A,0.995685518,0.9656291604042052,88
1277,E914ABF892E54658,4043,UniProtKB/Swiss-Prot (reviewed representative),UPI0000EA87B3,A1CLY8;A1CLY8,344612,Aspergillus clavatus (strain ATCC 1007 / CBS 513.65 / DSM 816 / NCTC 3887 / NRRL 1 / QM 1276 / 107),Eukaryota,Ascomycota,True,True,True,False,E914ABF892E54658,-0.004304118,0.9656124711036682,89
5829,1BC70E25F7EFA3C8,316,UniProtKB/TrEMBL (unreviewed representative),UPI00000DC716,B2K758;A0A9X3BDT7;Q1CI19;B1JHI3;A0A9P2RSQ7;A0AB33X8S4;Q1C6M8;A0A0N2N1U7;A0A094SZN8;A0A0T9PFE6;I7VZK2;I8FJ12;A0AAX2HZT7;I8LS75;I6JWQ5;I8R4L6;I7QQ16;A0A0B6MV39;I6KS09;I8P5R2;A0A2S9PBN1;I6J6T6;A9R3P8;A9ZXF6;I7TW63;A0A0M1V673;I8SDG3;A0A380PKL7;B0HQ78;D1TWP5;U7FD22;A0A0B6PNW2;A0A014MTK8;I8K1M6;B0GWF2;I8MI38;D5B7X0;V9GKE3;Q669L1;I7RBA7;A0A5P8RU55;B0GK44;A0A208RQF3;I8HGW7;I7TT30;I7X5I1;U7ES86;A0A084X8I7;A0A0B6N9P1;A0A0G2NB67;I7W5Z9;A0A0B6J734;A0A873VET7;I7UWX0;A0A1S0T7M5;Q8ZFT7;I7P4X7;I7NEI8;A0A3G5L7Q1;A0A0B6Q5P0;I8IA00;D0JWZ1;A0A0B6NUM8;Q8ZFT7;I7ZAV2;A0A0H3B2Z9;A0A0B6MIV1;A0A0K0ZJ33;Q0WGI0;A6BSA7;G0JK31;I8B9W7;I6HRX3;A0A0K1CUY7;I7PUJ0;I7Q6R4;I7RZX5;A0A5P8YGX4;A0AAP0YXD5;I7S9S6;C4H489;A0A0H5M6P7;A7FH25;C4HTU1;I7U8A1;A0AAP9K4F5;Q1CI19;U7ENK0;A0A2A7VH25;Q1C6M8;I6J2V4;I6KQQ3;I7VXJ8;Q669L1;I8MR29;I8AEC4;A0AB72ZNK8;A0A094TN03;I7RU85;I6I5U4;A0AAC8L0I4;I8AAK9;A0A0E1NVV0;A0A0D8UIY4;A0A0L6G9C8;A7FH25;I7WKB8;I8F7E4;A0ABN5R6X9;E8P6H6;I6IIZ6;I6K031;I7THI1;I8N940;I7Z732;K8Q674;A0A0B6KWD0;I8SQZ6;I7TCC1;I8CNG6;A0A154RLS9;I7XUB5;U7EQS8;A0A0K1BBR7;I7QHB6;I8DFH2;I7MWC8;D0JC65;I7WVQ0;A9ZA50;A0A2T9TVP6;A0A3G5KR85;I7UAR8;I8J7C1;A0AAV3BGI1;C4GTZ8;A0A0U1EVG5;I8S614;I7Y2S5,629,Yersinia,Bacteria,Pseudomonadota,True,True,True,False,1BC70E25F7EFA3C8,0.017882477,0.965341091156006,90
5816,1BC70E25F7EFA3C8,316,UniProtKB/TrEMBL (unreviewed representative),UPI00000DC716,B2K758;A0A9X3BDT7;Q1CI19;B1JHI3;A0A9P2RSQ7;A0AB33X8S4;Q1C6M8;A0A0N2N1U7;A0A094SZN8;A0A0T9PFE6;I7VZK2;I8FJ12;A0AAX2HZT7;I8LS75;I6JWQ5;I8R4L6;I7QQ16;A0A0B6MV39;I6KS09;I8P5R2;A0A2S9PBN1;I6J6T6;A9R3P8;A9ZXF6;I7TW63;A0A0M1V673;I8SDG3;A0A380PKL7;B0HQ78;D1TWP5;U7FD22;A0A0B6PNW2;A0A014MTK8;I8K1M6;B0GWF2;I8MI38;D5B7X0;V9GKE3;Q669L1;I7RBA7;A0A5P8RU55;B0GK44;A0A208RQF3;I8HGW7;I7TT30;I7X5I1;U7ES86;A0A084X8I7;A0A0B6N9P1;A0A0G2NB67;I7W5Z9;A0A0B6J734;A0A873VET7;I7UWX0;A0A1S0T7M5;Q8ZFT7;I7P4X7;I7NEI8;A0A3G5L7Q1;A0A0B6Q5P0;I8IA00;D0JWZ1;A0A0B6NUM8;Q8ZFT7;I7ZAV2;A0A0H3B2Z9;A0A0B6MIV1;A0A0K0ZJ33;Q0WGI0;A6BSA7;G0JK31;I8B9W7;I6HRX3;A0A0K1CUY7;I7PUJ0;I7Q6R4;I7RZX5;A0A5P8YGX4;A0AAP0YXD5;I7S9S6;C4H489;A0A0H5M6P7;A7FH25;C4HTU1;I7U8A1;A0AAP9K4F5;Q1CI19;U7ENK0;A0A2A7VH25;Q1C6M8;I6J2V4;I6KQQ3;I7VXJ8;Q669L1;I8MR29;I8AEC4;A0AB72ZNK8;A0A094TN03;I7RU85;I6I5U4;A0AAC8L0I4;I8AAK9;A0A0E1NVV0;A0A0D8UIY4;A0A0L6G9C8;A7FH25;I7WKB8;I8F7E4;A0ABN5R6X9;E8P6H6;I6IIZ6;I6K031;I7THI1;I8N940;I7Z732;K8Q674;A0A0B6KWD0;I8SQZ6;I7TCC1;I8CNG6;A0A154RLS9;I7XUB5;U7EQS8;A0A0K1BBR7;I7QHB6;I8DFH2;I7MWC8;D0JC65;I7WVQ0;A9ZA50;A0A2T9TVP6;A0A3G5KR85;I7UAR8;I8J7C1;A0AAV3BGI1;C4GTZ8;A0A0U1EVG5;I8S614;I7Y2S5,629,Yersinia,Bacteria,Pseudomonadota,True,True,True,False,1BC70E25F7EFA3C8,0.017882477,0.965341091156006,90
3424,1BC70E25F7EFA3C8,316,UniProtKB/TrEMBL (unreviewed representative),UPI00000DC716,B2K758;A0A9X3BDT7;Q1CI19;B1JHI3;A0A9P2RSQ7;A0AB33X8S4;Q1C6M8;A0A0N2N1U7;A0A094SZN8;A0A0T9PFE6;I7VZK2;I8FJ12;A0AAX2HZT7;I8LS75;I6JWQ5;I8R4L6;I7QQ16;A0A0B6MV39;I6KS09;I8P5R2;A0A2S9PBN1;I6J6T6;A9R3P8;A9ZXF6;I7TW63;A0A0M1V673;I8SDG3;A0A380PKL7;B0HQ78;D1TWP5;U7FD22;A0A0B6PNW2;A0A014MTK8;I8K1M6;B0GWF2;I8MI38;D5B7X0;V9GKE3;Q669L1;I7RBA7;A0A5P8RU55;B0GK44;A0A208RQF3;I8HGW7;I7TT30;I7X5I1;U7ES86;A0A084X8I7;A0A0B6N9P1;A0A0G2NB67;I7W5Z9;A0A0B6J734;A0A873VET7;I7UWX0;A0A1S0T7M5;Q8ZFT7;I7P4X7;I7NEI8;A0A3G5L7Q1;A0A0B6Q5P0;I8IA00;D0JWZ1;A0A0B6NUM8;Q8ZFT7;I7ZAV2;A0A0H3B2Z9;A0A0B6MIV1;A0A0K0ZJ33;Q0WGI0;A6BSA7;G0JK31;I8B9W7;I6HRX3;A0A0K1CUY7;I7PUJ0;I7Q6R4;I7RZX5;A0A5P8YGX4;A0AAP0YXD5;I7S9S6;C4H489;A0A0H5M6P7;A7FH25;C4HTU1;I7U8A1;A0AAP9K4F5;Q1CI19;U7ENK0;A0A2A7VH25;Q1C6M8;I6J2V4;I6KQQ3;I7VXJ8;Q669L1;I8MR29;I8AEC4;A0AB72ZNK8;A0A094TN03;I7RU85;I6I5U4;A0AAC8L0I4;I8AAK9;A0A0E1NVV0;A0A0D8UIY4;A0A0L6G9C8;A7FH25;I7WKB8;I8F7E4;A0ABN5R6X9;E8P6H6;I6IIZ6;I6K031;I7THI1;I8N940;I7Z732;K8Q674;A0A0B6KWD0;I8SQZ6;I7TCC1;I8CNG6;A0A154RLS9;I7XUB5;U7EQS8;A0A0K1BBR7;I7QHB6;I8DFH2;I7MWC8;D0JC65;I7WVQ0;A9ZA50;A0A2T9TVP6;A0A3G5KR85;I7UAR8;I8J7C1;A0AAV3BGI1;C4GTZ8;A0A0U1EVG5;I8S614;I7Y2S5,629,Yersinia,Bacteria,Pseudomonadota,True,True,True,False,1BC70E25F7EFA3C8,0.017882477,0.965341091156006,90
7893,1BC70E25F7EFA3C8,316,UniProtKB/TrEMBL (unreviewed representative),UPI00000DC716,B2K758;A0A9X3BDT7;Q1CI19;B1JHI3;A0A9P2RSQ7;A0AB33X8S4;Q1C6M8;A0A0N2N1U7;A0A094SZN8;A0A0T9PFE6;I7VZK2;I8FJ12;A0AAX2HZT7;I8LS75;I6JWQ5;I8R4L6;I7QQ16;A0A0B6MV39;I6KS09;I8P5R2;A0A2S9PBN1;I6J6T6;A9R3P8;A9ZXF6;I7TW63;A0A0M1V673;I8SDG3;A0A380PKL7;B0HQ78;D1TWP5;U7FD22;A0A0B6PNW2;A0A014MTK8;I8K1M6;B0GWF2;I8MI38;D5B7X0;V9GKE3;Q669L1;I7RBA7;A0A5P8RU55;B0GK44;A0A208RQF3;I8HGW7;I7TT30;I7X5I1;U7ES86;A0A084X8I7;A0A0B6N9P1;A0A0G2NB67;I7W5Z9;A0A0B6J734;A0A873VET7;I7UWX0;A0A1S0T7M5;Q8ZFT7;I7P4X7;I7NEI8;A0A3G5L7Q1;A0A0B6Q5P0;I8IA00;D0JWZ1;A0A0B6NUM8;Q8ZFT7;I7ZAV2;A0A0H3B2Z9;A0A0B6MIV1;A0A0K0ZJ33;Q0WGI0;A6BSA7;G0JK31;I8B9W7;I6HRX3;A0A0K1CUY7;I7PUJ0;I7Q6R4;I7RZX5;A0A5P8YGX4;A0AAP0YXD5;I7S9S6;C4H489;A0A0H5M6P7;A7FH25;C4HTU1;I7U8A1;A0AAP9K4F5;Q1CI19;U7ENK0;A0A2A7VH25;Q1C6M8;I6J2V4;I6KQQ3;I7VXJ8;Q669L1;I8MR29;I8AEC4;A0AB72ZNK8;A0A094TN03;I7RU85;I6I5U4;A0AAC8L0I4;I8AAK9;A0A0E1NVV0;A0A0D8UIY4;A0A0L6G9C8;A7FH25;I7WKB8;I8F7E4;A0ABN5R6X9;E8P6H6;I6IIZ6;I6K031;I7THI1;I8N940;I7Z732;K8Q674;A0A0B6KWD0;I8SQZ6;I7TCC1;I8CNG6;A0A154RLS9;I7XUB5;U7EQS8;A0A0K1BBR7;I7QHB6;I8DFH2;I7MWC8;D0JC65;I7WVQ0;A9ZA50;A0A2T9TVP6;A0A3G5KR85;I7UAR8;I8J7C1;A0AAV3BGI1;C4GTZ8;A0A0U1EVG5;I8S614;I7Y2S5,629,Yersinia,Bacteria,Pseudomonadota,True,True,True,False,1BC70E25F7EFA3C8,0.017882477,0.965341091156006,90
6993,1BC70E25F7EFA3C8,316,UniProtKB/TrEMBL (unreviewed representative),UPI00000DC716,B2K758;A0A9X3BDT7;Q1CI19;B1JHI3;A0A9P2RSQ7;A0AB33X8S4;Q1C6M8;A0A0N2N1U7;A0A094SZN8;A0A0T9PFE6;I7VZK2;I8FJ12;A0AAX2HZT7;I8LS75;I6JWQ5;I8R4L6;I7QQ16;A0A0B6MV39;I6KS09;I8P5R2;A0A2S9PBN1;I6J6T6;A9R3P8;A9ZXF6;I7TW63;A0A0M1V673;I8SDG3;A0A380PKL7;B0HQ78;D1TWP5;U7FD22;A0A0B6PNW2;A0A014MTK8;I8K1M6;B0GWF2;I8MI38;D5B7X0;V9GKE3;Q669L1;I7RBA7;A0A5P8RU55;B0GK44;A0A208RQF3;I8HGW7;I7TT30;I7X5I1;U7ES86;A0A084X8I7;A0A0B6N9P1;A0A0G2NB67;I7W5Z9;A0A0B6J734;A0A873VET7;I7UWX0;A0A1S0T7M5;Q8ZFT7;I7P4X7;I7NEI8;A0A3G5L7Q1;A0A0B6Q5P0;I8IA00;D0JWZ1;A0A0B6NUM8;Q8ZFT7;I7ZAV2;A0A0H3B2Z9;A0A0B6MIV1;A0A0K0ZJ33;Q0WGI0;A6BSA7;G0JK31;I8B9W7;I6HRX3;A0A0K1CUY7;I7PUJ0;I7Q6R4;I7RZX5;A0A5P8YGX4;A0AAP0YXD5;I7S9S6;C4H489;A0A0H5M6P7;A7FH25;C4HTU1;I7U8A1;A0AAP9K4F5;Q1CI19;U7ENK0;A0A2A7VH25;Q1C6M8;I6J2V4;I6KQQ3;I7VXJ8;Q669L1;I8MR29;I8AEC4;A0AB72ZNK8;A0A094TN03;I7RU85;I6I5U4;A0AAC8L0I4;I8AAK9;A0A0E1NVV0;A0A0D8UIY4;A0A0L6G9C8;A7FH25;I7WKB8;I8F7E4;A0ABN5R6X9;E8P6H6;I6IIZ6;I6K031;I7THI1;I8N940;I7Z732;K8Q674;A0A0B6KWD0;I8SQZ6;I7TCC1;I8CNG6;A0A154RLS9;I7XUB5;U7EQS8;A0A0K1BBR7;I7QHB6;I8DFH2;I7MWC8;D0JC65;I7WVQ0;A9ZA50;A0A2T9TVP6;A0A3G5KR85;I7UAR8;I8J7C1;A0AAV3BGI1;C4GTZ8;A0A0U1EVG5;I8S614;I7Y2S5,629,Yersinia,Bacteria,Pseudomonadota,True,True,True,False,1BC70E25F7EFA3C8,0.017882477,0.965341091156006,90
6620,FFD29B5F1927E5F5,2999,UniProtKB/Swiss-Prot (reviewed representative),UPI00004E2CAF,Q54TW0;Q54TW0,44689,Dictyostelium discoideum,Eukaryota,Evosea,True,True,True,False,FFD29B5F1927E5F5,0.000627368,0.9652561545372008,91
102,D6D933468481E86A,1733,UniProtKB/TrEMBL (unreviewed representative),UPI00000D1172,A0A047SLR5;A0A053GXJ1;A0A041J964;A0A048ADX7;A0A041GYJ8;A0A049DA45;A0A057EI86;A0A046AJJ2;A0A046JE46;A0A051U049;A0A079KBV2;A0A053ZKZ3;A0A056TBJ5;A0A050ZHS3;A0A042JUD5;A0A042QK67;A0A048HD66;A0A046Y5D0;A0A042ELK9;A0A042V4K4;A0A053VDE4;A0A071WDP5;A0A039J553;A0A042BWG8;A0A055FX02;A0A039H4X2;A0A051P0P9;A0A053IW39;A0A046WZZ7;A0A043RGV4;A0A046P9T5;A0A058D4G9;A0A055NSM4;A0A057FJF3;A0A041F8V8;A0A047NXK5;A0A046YFU2;A0A051P8Q9;A0A045XTW3;A0A057QB80;A0A040E4Q2;A0A046GLL6;A0A050FPS9;A0A053I521;A0A043I019;A0A050JN61;A0A056TL51;A0A043GGA6;A0A040Q7Y5;A0A048D447;A0A051QMI9;A0A041RD68;A0A051DUC9;A0A041U4A0;A0A038TFH3;A0A047YJJ3;A0A052ZBT6;A0A049AT12;A0A056V5Y1;A0A057AFY0;A0A041M9L9;A0A042SGI4;A0A058GNS2;A0A050XWY4;A0A048UVG1;A0A057MK14;A0A040RBE9;A0A049L6R7;A0A056EKJ2;A0A046YFN8;A0A053LPE5;A0A054LEC6;A0A048Z5G2;A0A049QET2;A0A038TTJ9;A0A045DUA6;A0A046AUT7;A0A046DZT2;A0A054XMR6;A0A055MBG8;A0A043EID0;A0A044HYL5;A0A048FCU1;A0A051WP48;A0A054XKE4;A0A047DPK1;A0A044XLH2;A0A046J668;A0A048G844;A0A048IW89;A0A042VPK4;A0A043BPB7;A0A055ZSN0;A0A039CC20;A0A053TMU3;A0A053P545;A0A046DZK6;G2N1G0;A0A041VLL4;A0A052WPZ9;A0A045XUE7;A0A053ATR2;A0A056C0T7;A0A048QIK6;A0A052TUI3;A0A054EVA9;A0A046D3D2;A0A058PSK8;A0A042FWM0;A0A045CKW0;A0A052P8N0;A0A051NZ27;A0A1Q1Z8X4;A0A043Y5T8;A0A046GZN8;A0A053QWB9;A0A045UBM9;A0A055R905;A0A047X9G6;A0A050E2J4;A0A056U001;A0A041GJ04;A0A055L580;A0A044UJH3;A0A051SQR4;A0A053E975;A0A055CR55;L0P0J0;A0A046IH20;A0A044UH03;A0A054WIQ0;A0A1Q1X1B5;A0A051URT0;A0A057I767;A0A055MF72;A0A079KLN0;A0A057ITR6;A0A040V3N4;A0A041QVJ2;A0A056HKH5;A0A042IUT1;A0A048Q5W4;A0A1Q1RA29;A0A054AAP0;A0A055RRN6;A0A045VXY9;A0A038PKU2;A0A046VBF7;A0A056YHV0;A0A039WMV2;A0A054M9Q3;A0A1Q1S8K0;A0A047WQ37;A0A054V674;A0A055XBY5;A0A046T8S9;A0A056JD36;A0A1Q2BT32;A0A040C8S2;A0A052D670;A0A041BXM9;A0A057PR03;A0A040M272;A0A051W8B7;A0A041UWR7;A0A045WWZ8;A0A039B8T1;A0A053LQG3;A0A045PMD5;A0A050TQM5;A0A053DHL0;A0A042GYU6;A0A048KFF8;A0AAC8RKI2;A0A040UFH5;A0A041LES0;A0A054FXV4;A0A044ZKX1;A0A055WEM9;A0A042SFV6;A0A040YPZ1;A0A048MX73;A0A041VC21;A0A1Q1RX83;A0A071WE24;A0A048E4T8;A0A041STR6;A0A047GXJ8;A0A041X959;A0A056AAY5;A0A058SAI2;A0A044C223;A0A057MGS2;A0A050XDQ6;A0A056ILM6;A0A046FIG7;A0A040FYS5;A0A048RCT6;A0A041S4L6;A0A054AYM3;A0A1Q2AIN5;A0A047IZG6;A0A049BVG9;A0A046HCT8;A0A043FY49;A0A041S809;A0A054V2P4;A0A050YTK7;A0A050SGV6;A0A057ZLB5;A0A050YL54;A0A052R471;A0A041AS45;A0A046XJ40;A0A047K066;A0A042ZDP4;A0A053S8Y8;A0A052W7T8;A0A055GH68;A0A039HNN7;A0A047BV84;A0A041G4S1;A0A039FY60;A0A050W9J2;A0A047R4W4;A0A052PYY3;A0A046JZM6;A0A047LB73;A0A053WKS4;A0A054P6D0;A0A072AJ73;A0A054ABQ5;A0A056XNY1;A0A050RCM9;A0A057IRU9;A0A045L4H4;A0A045LS97;A0A038WC74;A0A048T990;A0A051NRL7;A0A040HCL7;A0A045QK29;A0A055VUZ4;A0A055P6D2;A0A052AP84;A0A057HBR8;A0A057JU83;A0A049UWD5;A0A054CEH4;A0A051G1D4;A0A053JT17;A0A042A4M2;A0A051GTK1;A0A047VKD3;A0A038ZAB4;A0A046W5Q6;A0A044GGS3;A0A051WZY0;A0A055MMI5;A0A056LJW6;A0A047ZBL4;A0A044N096;A0A054XJV3;A0A049K6C1;A0A041KC09;I6X8D2;A0A044KQF3;A0A045E1Z2;A0A049XE38;A0A051Q1I9;A0A052V1G0;A0A055PMR9;I6R565;A0A055QMQ3;A0A071TU06;H8F1V0;A0A041QQA9;A0A052BDM6;A0A042UFK8;A0A052Y4B5;A0A041M8W2;A0A057FIV6;A0A052DZI7;A0A041W1L6;A0A7U4EDJ3;A0A039FER4;A0A040HKI0;A0A038KL03;A0A044VD49;A0A045KUB1;A0A047XHS2;A0A043J6K5;A0A050QQA3;A0A048CME6;A0A1Q1XND4;A0A041VES9;A0A046I9Z5;A0A042TJS0;C6DP28;A0A055WL41;A0A053MHJ3;A0A050UH77;A0A055B4X6;A0A049RQ95;A0A054IFB6;A0A054F7E9;E2U586;A0A041IAM0;A0A043FLI2;A0A055F3N8;A0A043QQZ1;A0A044AH06;A0A041EGD7;A0A042M4M5;A0A052XZM7;A0A053WDW4;A0A048K138;A0A048ZS83;A0A058NBN1;A0A048NWJ7;A0A041NZE9;A0A043HHX8;A0A043M481;A0A057ZAD7;A0A054M8B4;A0A055JSR5;A0A042IJ65;A0A071UAX8;A0A055DKS2;A0A045PDW1;A0A044ZV75;O53579;A0A054XEU4;A0A045J9J0;A0A055W4J5;A0A055L2P4;A0A053I9V7;A0A055WYU5;A0A048L0R1;A0A053Y087;A0A050RPL1;I6X8D2;A0A048FBG5;A0A057DCQ6;A0A050ZAZ3;A0A054B1F9;A0A046CH22;A0A049XQ42;A0A056PJV0;A0A039ECB4;A0A041D2Y9;A0A051VYW8;A0A057HMB7;A0A046UJI0;A0A045NVY5;A0A045PQZ6;A0A047QLG5;A0A050VQH7;A0A048HWJ0;A0A043DNT9;H6SB28;A0A044HG87;A0A1Q2BH21;A0A053K991;E2UFX1;A0A054ED45;A0A071SJ39;A0A041IVX5;A0A044BBL6;A0A039URJ8;A0A057CNV6;A0A042H305;A0A043AYG6;A0A049Y1J4;A0A052YIN6;A0A042QCC3;A0A071WLI4;A0A054MQ90;A0A042CNS3;A0A052XDU0;X8GJ97;A0A042SU73;A0A051X2A0;A0A052T589;A0A046F8P4;A0A048S7S5;A0A052T4I4;A0A043D6T9;A0A050LBQ3;A0A043WJ09;A0A045YT64;A0A071TZ51;A0A051SYX8;A0AAW8I231;A0A052U3V3;A0A052UAI7;A0A047KPP1;A0A052C7C0;A0A054IVB1;A0A043JBL9;A0A043V9W9;A0A050YXP5;A0A079K1N7;A0A056QAR9;A0A040IE82;A0A041F840;A0A054U8F3;I1SFP6;A0A044QE26;A0A047W891;A0A043NEG9;A0A047PI31;A0A055N9L2;A0A049WAP5;A0A041F061;A0A051XYZ1;A0A044BKB8;A0A054HIT1;A0A053HGT5;A0A048FYI9;A0A042IWV3;A0A053KY64;A0A052PZL3;A0A047KL13;A0A054R302;D6G5S8;A0A051DI51;A0A049IPY9;A0A071NZQ2;A0A042BFB1;A0A1Q2B5V2;A0A047CG11;A0A057NMG8;A0A052ZXY7;A0A051JMG9;A0A042KAU9;A0A048PMS7;A0A054K795;A0A055YQI8;A0A042Y9F8;A0A048QJR7;A0A041H9D6;A0A045KE10;A0A055DHD7;A0A042Z057;A0A054ZB71;A0A057ZTI8;A0A043ZFQ9;A0A051H0C3;A0A048RDW0;A0A052QBT7;A0A057BDH9;A0A055ZCH9;A0A039AMH5;A0A052JL74;A0A071VJH6;A0A046BL21;A0A039VW19;A0A050NV11;A0A053KN80;A0A050Z143;A0A058QMR4;A0A039LDU3;A0A042GDJ3;A0A1Q1WPR3;A0A050L3X2;A0A071P7N9;A0A044AZM6;A0A055IZS1;D5Z923;A0A055JCM7;A0A045QLI3;A0A040PBQ0;A0A042Y091;A0A046BBR7;A0A047AET8;A0A056XWA4;A0A042NW54;A0A045Z268;A0A038U714;A0A043CG90;A0A040D6R7;A0A051KRA1;A0A040JZ31;A0A055SP84;A0A043P8J9;A0A052RH22;A0A051F3R6;A0A053TYG4;A0A052DE44;A0A054D686;A0A045ZY71;A0A071RA12;A0A046BUF2;A0A053PRK3;A0A054SVJ5;A0A0H3LMX2;A0A053BR95;A0A071R2K2;A0A043TJL4;A0A048JDW5;A0A057E0P2;A0A042RDG2;A0A072D988;A0A041Z7D1;A0AAP5BSN2;A0A040QLC4;A0A038YCS8;A0A047M7T3;A0A045G241;A0A038LT56;A0A038NPX2;A0A053XEM7;A0A048RT97;A0A050ND66;A0A049HNV0;A0A041ZC77;A0A042JSY9;A0A042LTU4;A0A048BGC6;A0A042ADJ9;A0A049GJC1;A0A056IRB5;A0A042ULI5;A0A042PIM1;A0A057GNS3;A0A055JUW8;A0A044GBS3;A0A049G378;A0A051LIH6;A0A045VHI6;A0A041P814;A0A049BB39;A0A054MSW6;A0A056GJ05;A0A071RZH6;A0A044DIG9;A0A038UAQ4;A0A052V383;D5YLQ4;A0A042Q1W3;A0A042HSW4;A0A048H7J5;A0A057P5R2;A0A043YBF7;A0A044LT79;D5YY76;A0A038MV91;A0A047IBH8;A0A047LD88;A0A049LRC1;A0A048A8K4;A0A039RPR0;A0A050SBG2;A0A049WSV2;A0A053J701;A0A1Q1UGN8;A0A060GLT7;A0A055ELU6;A0A055Y0T0;A0A043I127;A0A051ZNW5;A0A054TQI0;A0A045YS18;A0A049SGF1;A0A039A5U9;A0A050P9V4;A0A046NU64;A0A071UVN4;A0A055DRL1;A0A046ZNM1;A0A047DHH0;A0A043AAH7;A0A046PDX3;A0A042TUN8;A0A071W3U2;A0A058FQ67;A0A056J800;A0A1Q1XBZ6;A0A056YY29;A0A045BFD5;A0A055B8W3;A0A044KI34;A0A054LRY9;A0A050D6N3;A0A039G2Q0;A0A051ML08;A0A054JIW1;A0A057V105;A0A043QSM2;A0A039VGV8;A0A042T777;A0A047XSN9;A0A050WQU0;A0A051UB77;A0A055S5L1;A0A041JV65;A0A047YAG2;A0A038MB85;A0A045ZZF2;A0A048JZS9;A0A038MMS5;A0A052XBM4;A0A057H2F1;A0A048GL13;A0A058JV23;A0A047VMZ2;A0A1Q1SJ43;A5WU20;A0A052AER9;A0A051Q7T9;A0A052KP00;A0A038XWN7;A0A042GPJ6;A0A057L727;A0A041RW92;A0A071X4C0;A0A053GPV4;A0A040S3J0;A0A047WGL5;A0A054E6W1;A0A040N258;A0A057VQA9;A0A045WS24;A0A039Y334;A0A044LYV0;A0A040NII1;A0A051Z3X4;A0A042R5N5;A0A041M487;A0A089QYU6;A0A1Q1YXR8;A0A056MUN2;A0A056Q3W9;A0A044IUS0;A0A050B549;A0A055H4A4;A0A071Q9D4;A0A046HFX3;A0A044I4N5;A0A040W9Z5;A0A043K6M9;A0A051GLZ2;A0A047EN54;A0A044FBH7;A0A056PR10;A0A040YWM8;A0A048EER8;A0A049TP93;A0A042FKF1;A0A042L1Q1;A0A049Z6G8;A0A048F8L9;A0A1Q1QN10;A0A056K1Y7;A0A050JX00;A0A1Q1WDF8;A0A056FJM4;A0A052WAB6;A0A054D1M3;A0A043IDC7;A0A052DS88;X8GAC5;A0A041ZQG2;A0A048CUK7;A0A058AEB7;A0A052KJS1;A0A051LZP0;A0A052K0M6;A0A045MRL9;A0A055D598;A0A047PQ82;A0A044U297;A0A046Z1G6;A0A040VZJ9;D6EZF5;A0A039B530;A0A041QAV1;A0A054NW75;A0A042WN86;A0A057QHA4;A0A053FE83;A0A053L636;A0A046QSQ5;A0A044J7K3;A0A058NTR5;A0A055FA35;A0A052B0M6;A0A054DJZ2;A0A053SPQ5;A0A044X9P6;A0A051ANC8;A0A071X7P2;A0A050HG76;A0A048ITV2;A0A049AHW2;A0A048MM46;A0A054R6I8;A0A038XA18;A0A041W907;A0A1Q1XZR2;Q7D4V0;A0A047E544;A0A044NTX2;A0A058LFW1;A0A056DBH4;A0A054BJJ3;A0A054BRF3;A0A055FZC5;A0A038YDY9;A0A043AIY3;A0A045WSH6;A0A046GFQ0;A0A044ZXE0;A0A056N186;A0A044VMZ1;A0A054GUW0;A0A054UEX0;A0A048UC99;A0A055ZYP4;A0A042V9E4;A0A046IFD3;A0A045ATU6;A0A056H095;A0A056V523;A0A806JQ84;A0A054YDM8;A0A057CHC6;A0A054NWP4;A0A1Q1VF30;A0A053NV06;A0A056LI34;A0A042WWQ6;A0A039SP65;A0A054VWA9;A0A056QSZ8;A0A1Q1SW49;A0A039BUU1;A0A048V3T8;A0A055HZ61;A0A050DW62;A0A039ZU28;A0A045ETY5;A0A046F0I2;A0A048DKT2;A0A045AHD1;A0A048Y332;A0A056ALR3;A0A051RJH7;A0A039CVJ4;A0A058E0M3;A0A052F1S4;A0A040S3J4;A0A042BBQ7;A0A039AL88;A0A043H6L1;A0A043BUC5;A0A049FQA2;A0A049PXX1;A0A043PQJ9;A0A055S5I9;A0A043LD26;A0A039DBN7;A0A040MVN7;A0A046XGT2;A0A040NZ55;A0A042VXV2;A0A055AMZ0;A0A041GMQ3;A0A1Q1ZWD5;A0A039HFD6;A0A053Z6T6;A0A057SS55;A0A055YES3;A0A056R134;A0A050SKD7;A0A040LYC8;A0A047HK48;A0A043IDB2;A0A055I0L8;A0A056L087;A0A049Z1D6;A0A048AMW8;A0A8E0E3C6;A0A044YNW3;A0A054WFN4;A0A047VGB6;A0A038VPY8;A0A045W648;A0A053U1V3;A0A043ARI8;A0A047TSE3;A0A047TGB5;A0A049TDR2;A0A044YMM6;A0A045GJY8;A0A050WA33;A0A055K9F0;A0A050MF09;A0A045AHN2;A0A039RDD8;A0A042YZH7;A0A1Q1VR50;A0A043DZF1;A0A048LGT6;A0A053GAJ3;A0A055V9Y4;A0A054N3Z4;A0A055IMW4;A0A053UKC8;A0A043A3K1;A0A056M6L2;A0A043PW81;A0A048T488;A0A055HJQ8;A0A038NKN5;A0A047RP94;A0A056WLU6;A0A056EN04;A0A071RX79;A0A056TZ98;A0A054H0F4;A1QY32;A0A041WMZ6;A0A046LJ09;A0A053MVV7;A0A051R8U8;A0A050M5C3;A0A038XJA8;A5U9C9;A0A040V7X5;A0A050N3B4;A0A047FLG5;A0A056SK60;A0A7U4J5V0;A0A056U9X2;A0A051H9V8;A0A038VVK5;A0A047NUM7;A0A042YIL2;A0A051VH14;A0A050TA23;A0A041BJV9;A0A044JRZ7;A0A048KYN6;F2GDF9;A0A042X9H3;A0A039CUY7;A0A047H0B2;A0A047BQX5;A0A050IEZ5;A0A042CM79;A0A057GDQ5;A0A057XLY5;A0A054U5M8;A0A058HDC6;A0A048PTF1;A0A038W6S4;A0A048NLZ7;A0A045T7T8;A0A043UEA4;A0A042P1S7;A0A052PQF1;A0A041IK22;E9ZQN3;A0A055UMT5;A0A050SRS2;A0A053M6X0;A0A056I3N3;A0A039KSJ4;A0A044GCD5;A0A048EBQ7;A0A071PYI5;A0A041A5D0;A0A043K5E8;A0A051A2I4;A0A039ETF4;A0A041XT86;A0A044R2B7;A0A051JPQ7;A0A058CFC7;A0A050Q6A1;A0A044L3Z4;A0A038RJX6;A0A049K272;A0A055SNB4;A0A052RHN7;A0A055QPX9;A0A052CWC7;A0A046S5S6;A0A057SZ44;A0A041L0J7;A0A1Q1QZ61;A0A040XW73;A0A055L1F4;A0A039GQ12;A0A041HI82;A0A057F519;A0A053D5J1;A0A058F110;A0A052SN96;A0A043EUH3;A0A071MS41;A0A051INV4;A0A051BP92;A0A053RLK4;A0A047UDB0;A0A052V013;A0A049QJC9;A0A040S6W1;A0A8E0A032;A0A051DBK8;A0A046ZCN0;A0A038RQF7;A0A044TAU6;A0A049N1X9;A0A046D1R1;A0A051IPL1;A0A047BYX2;A0A053ZK34;A0A041BPQ3;A0A1Q1T6V5;A0A043ZRX3;A0A056S3Z9;A0A040XCW0;A0A042CY27;A0A043MYZ1;A0A054TAV2;A0A071QZB0;A0A041PYX0;A0A053J3N1;A0A057LQ39;A0A045UEG3;A0A042NS81;A0A042XJC7;A0A048I961;A0A052RYR6;A0A055AK34;A0A047P376;A0A041TDV8;A0A043FMH2;A0A051M613;A0A052NJX4;A0A055C853;A0A043ZDN5;A0A044DXU8;A0A043M8T2;A0A8E0AFU5;A0A040WYV6;A0A044JC93;A0A050WLN4;A0A044DEH6;A0A055V0H4;A0A044S581;A0A051T076;A0A048BGT2;A0A049VGF8;A0A1Q1TU65;A0A047IXV8;A0A043X1G1;A0A050S1S0;A0A052BA70;A0A048JHU7;A0A054HXH7;A0A052REI4;A0A041N3U2;A0A055NKA1;A0A1Q1TI44;A0A044GV73;T2CBH6;E2WNL7;A0A049UA85;A0A047A1C5;A0A050XQ58;A0A048MYG0;A0A051HTN4;A0A038V7I2;A0A050VYL0;A0A056ZX24;A0A057KFU9;A0A1Q1USR6;A0A1Q1ZK34;A0A055DNG7;A0A053X7C1;A0A057NMB0;A0A044SRC2;A0A047DQ65;A0A047YP03;A0A042JBJ4;A0A043L3Q8;A0A043KD55;A0A052NX56;A0A055V701;A0A047ZGY9;A0A040TLF8;A0A043D6N6;A0A042DRY1;A0A051XSC0;A0A043UTJ6;A0A048HVC7;A0A050PEM7;A0A045D0J8;A0A041I263;A0A042T3N0;A0A051NG76;A0A042F9D0;A0A041CZY9;A0A053NDV6;A0A056MI13;A0A038ZEA6;A0A045FNS4;A0A054CPJ9;A0A049ZY89;A0A055MMG8;A0A072B4F4;S5FAJ7;A0A049J7G2;A0A055XNB9;A0A044FCL0;A0A048BYI2;A0A053NI50;A0A044NUB9;A0A052PQ30;A0A054G9H6;A0A1Q1V3Q9;A0A043S9K5;A0A054RRY8;A0A038ZCJ6;A0A052ENA3;A0A043GKH1;A0A052LC11;A0A046UY86;A0A050VAW8;A0A053KCG8;A0A071PWM0;A0A048X8E0;A0A046U9G6;A0A053SBH4;A0A054VUM7;A0A048NXT3;A0A049YUK2;A0A047PJD4;A0A039ILV8;A0A043NS24;A0A055BPM6;A0A054S2J4;A0A051KIX4;A0A041YJ29;A0A050TRU3;A0A043WSA0;A0A041UK47;X8GMR9;A0A052MLP8;A0A038NXD8;A0A053YLE7;A0A049DLN2;A0A051JJH2;A0A055GX54;A0A045LX96;A0A044PG74;A0A043CX03;A0A042WK15;A0A049VAL9;A0A054KPF0;A0A042KWU6;A0A050USY2;A0A049HIQ0;A0A045ZGE7;A0A045BNI1;A0A053E3B5;A0A054QEM6;A0A046E0U5;A0A054QHB0;A0A049EH70;A0A054RP35;A0A055EN30;A0A056PF46;A0A051I4I1;A0A039FAN5;A0A041FJY3;A0A044WN68;A0A043QKU3;A0A047UBP3;A0A042HFG3;A0A055HXN2;A0A044M2D1;A0A042RJ71;A0A049UVI7;A0A056AV73;A0A056MCE9;A0A1Q1U5B6;A0A046J6Q3;A0A046NFU2;A0A047URV0;A0A057SWQ0;A0A052FBY5;A0A047ZL35,1783272,Bacillati,Bacteria,Unresolved,True,True,True,False,D6D933468481E86A,-0.005198959,0.9650799632072448,92
1204,0665272EC9F2EB27,2566,UniProtKB/Swiss-Prot (reviewed representative),UPI0009C9FB7C,A0A1V6NYI6;A0A1V6NYI6,60169,Penicillium polonicum,Eukaryota,Ascomycota,True,True,True,False,0665272EC9F2EB27,0.008592603,0.9650735259056092,93
358,A02BF839A230F84D,290,UniProtKB/Swiss-Prot (reviewed representative),UPI00001260D4,P50298;Q45G59;A0A821C0Y6,32523,Tetrapoda,Eukaryota,Chordata,False,True,False,False,A02BF839A230F84D,0.995340288,0.9650009870529176,94
5263,06C26A0CCEACAF02,290,UniProtKB/TrEMBL (unreviewed representative),UPI00001260CD,A0A1U7Q2J8;P50292,10036,Mesocricetus auratus,Eukaryota,Chordata,False,True,False,False,06C26A0CCEACAF02,-0.000680503,0.964786946773529,95
476,DCBFC09FCC1C0094,3038,UniProtKB/Swiss-Prot (reviewed representative),UPI0000F536F8,Q0C8M3,341663,Aspergillus terreus (strain NIH 2624 / FGSC A1156),Eukaryota,Ascomycota,True,True,True,False,DCBFC09FCC1C0094,-0.005958114,0.964456021785736,96
823,63D36DB86CE10A13,3032,UniProtKB/Swiss-Prot (reviewed representative),UPI000006CC23,Q8J0F7;Q8J0F7,5077,Penicillium citrinum,Eukaryota,Ascomycota,True,True,True,False,63D36DB86CE10A13,-0.005578333,0.9643072485923768,97
1345,2158D82077AEF1AF,3902,UniProtKB/Swiss-Prot (reviewed representative),UPI0000EFBDD6,A5ABG0;A0A319A768;A5ABG0;A0AAJ8C060,5061,Aspergillus niger,Eukaryota,Ascomycota,True,True,True,False,2158D82077AEF1AF,-0.002977316,0.9639152884483336,98
1855,2897CC1F84B7D72A,290,UniProtKB/Swiss-Prot (reviewed representative),UPI00001260CF,P50297;Q45G71;A0A821C584;Q45G61,32523,Tetrapoda,Eukaryota,Chordata,False,True,False,False,2897CC1F84B7D72A,0.997229186,0.963873326778412,99
2811,FB43C53C8C76AD94,235,UniProtKB/Swiss-Prot (reviewed representative),UPI00005378C2,A1BJJ2;Q43E43;A1BJJ2,1096,Chlorobium phaeobacteroides,Bacteria,Chlorobiota,True,False,False,False,FB43C53C8C76AD94,0.992318451,0.9637717604637146,100
